Date, ISIN, Scrip Name, NSE Symbol, MWPL, NSE Open Interest
02-MAY-2018,INE208A01029,ASHOK LEYLAND LTD,ASHOKLEY,285288768,80029000
02-MAY-2018,INE012A01025,ACC LIMITED,ACC,17078428,1763600
02-MAY-2018,INE868B01028,NCC LIMITED,NCC,98373621,36656000
02-MAY-2018,INE935A01035,GLENMARK PHARMACEUTICALS,GLENMARK,30171874,5853700
02-MAY-2018,INE115A01026,LIC HOUSING FINANCE LTD,LICHSGFIN,60244101,14540900
02-MAY-2018,INE036A01016,RELIANCE INFRASTRUCTU LTD,RELINFRA,25819497,10882300
02-MAY-2018,INE406A01037,AUROBINDO PHARMA LTD,AUROPHARMA,56396335,22588800
02-MAY-2018,INE522D01027,MANAPPURAM FINANCE LTD,MANAPPURAM,110136994,18684000
02-MAY-2018,INE018A01030,LARSEN & TOUBRO LTD.,LT,274345282,16016250
02-MAY-2018,INE361B01024,DIVI'S LABORATORIES LTD,DIVISLAB,25457469,2582400
02-MAY-2018,INE326A01037,LUPIN LIMITED,LUPIN,47910624,15426500
02-MAY-2018,INE692A01016,UNION BANK OF INDIA,UNIONBANK,76131760,35488000
02-MAY-2018,INE049B01025,WOCKHARDT LIMITED,WOCKPHARMA,5729014,4381200
02-MAY-2018,INE503A01015,DCB BANK LIMITED,DCBBANK,52376929,9877500
02-MAY-2018,INE026A01025,GUJ STATE FERT & CHEM LTD,GSFC,49535525,20349000
02-MAY-2018,INE213A01029,OIL AND NATURAL GAS CORP.,ONGC,828640584,44422500
02-MAY-2018,INE814H01011,ADANI POWER LTD,ADANIPOWER,207730274,104620000
02-MAY-2018,INE151A01013,TATA COMMUNICATIONS LTD,TATACOMM,14253357,6520000
02-MAY-2018,INE318A01026,PIDILITE INDUSTRIES LTD,PIDILITIND,30693818,1597000
02-MAY-2018,INE733E01010,NTPC LTD,NTPC,622127827,41168000
02-MAY-2018,INE216A01022,BRITANNIA INDUSTRIES LTD,BRITANNIA,11837250,918400
02-MAY-2018,INE217B01036,KAJARIA CERAMICS LTD,KAJARIACER,16664813,1783200
02-MAY-2018,INE260B01028,GODFREY PHILLIPS INDIA LT,GODFRYPHLP,2891826,647500
02-MAY-2018,INE280A01028,TITAN COMPANY LIMITED,TITAN,83616848,14358000
02-MAY-2018,INE749A01030,JINDAL STEEL & POWER LTD,JINDALSTEL,80032468,45022500
02-MAY-2018,INE171A01029,FEDERAL BANK LTD,FEDERALBNK,387843769,75025500
02-MAY-2018,INE034A01011,ARVIND LIMITED,ARVIND,29523385,8468000
02-MAY-2018,INE271C01023,DLF LIMITED,DLF,89392781,55420000
02-MAY-2018,INE139A01034,NATIONAL ALUMINIUM CO LTD,NATIONALUM,153842355,52784000
02-MAY-2018,INE092A01019,TATA CHEMICALS LTD,TATACHEM,35256784,6196500
02-MAY-2018,INE003A01024,SIEMENS LTD,SIEMENS,17806068,1620500
02-MAY-2018,INE721A01013,SHRIRAM TRANSPORT FIN CO.,SRTRANSFIN,33541942,4572000
02-MAY-2018,INE775A01035,MOTHERSON SUMI SYSTEMS LT,MOTHERSUMI,161153025,14134400
02-MAY-2018,INE542F01012,RELIANCE NAVAL & ENGG LTD,RNAVAL,103220648,64647000
02-MAY-2018,INE129A01019,GAIL (INDIA) LTD,GAIL,206247852,14887194
02-MAY-2018,INE296A01024,BAJAJ FINANCE LIMITED,BAJFINANCE,51291220,5760000
02-MAY-2018,INE148I01020,INDIABULLS HSG FIN LTD,IBULHSGFIN,64748787,14149200
02-MAY-2018,INE119A01028,BALRAMPUR CHINI MILLS LTD,BALRAMCHIN,26960750,22925000
02-MAY-2018,INE140A01024,PIRAMAL ENTERPRISES LTD,PEL,17210032,2017360
02-MAY-2018,INE686F01025,UNITED BREWERIES LTD,UBL,14094534,956900
02-MAY-2018,INE094A01015,HINDUSTAN PETROLEUM CORP,HINDPETRO,304764525,37666125
02-MAY-2018,INE192A01025,TATA GLOBAL BEVERAGES LTD,TATAGLOBAL,78977321,29274750
02-MAY-2018,INE030A01027,HINDUSTAN UNILEVER LTD.,HINDUNILVR,142023183,10336200
02-MAY-2018,INE093A01033,HEXAWARE TECHNOLOGIES LTD,HEXAWARE,17076421,5653500
02-MAY-2018,INE647A01010,SRF LTD,SRF,5468800,606000
02-MAY-2018,INE242A01010,INDIAN OIL CORP LTD,IOC,835674696,49971000
02-MAY-2018,INE301A01014,RAYMOND LTD,RAYMOND,6835595,5593600
02-MAY-2018,INE020B01018,RURAL ELEC CORP. LTD.,RECLTD,164647843,49554000
02-MAY-2018,INE084A01016,BANK OF INDIA,BANKINDIA,55436059,31758000
02-MAY-2018,INE787D01026,BALKRISHNA IND. LTD,BALKRISIND,16124234,1299200
02-MAY-2018,INE776C01039,GMR INFRASTRUCTURE LTD.,GMRINFRA,459279245,331560000
02-MAY-2018,INE010B01027,CADILA HEALTHCARE LIMITED,CADILAHC,51610474,8547200
02-MAY-2018,INE886H01027,TV18 BROADCAST LIMITED,TV18BRDCST,129899100,89020500
02-MAY-2018,INE066A01013,EICHER MOTORS LTD,EICHERMOT,2698673,224825
02-MAY-2018,INE154A01025,ITC LTD,ITC,2435920598,103960800
02-MAY-2018,INE205A01025,VEDANTA LIMITED,VEDL,368868796,51224250
02-MAY-2018,INE465A01025,BHARAT FORGE LTD,BHARATFORG,50517678,8630400
02-MAY-2018,INE237A01028,KOTAK MAHINDRA BANK LTD,KOTAKBANK,266636508,19260000
02-MAY-2018,INE202B01012,DEWAN HOUSING FIN CORP LT,DHFL,38121826,33351000
02-MAY-2018,INE917I01010,BAJAJ AUTO LIMITED,BAJAJ-AUTO,29341807,2377750
02-MAY-2018,INE376G01013,BIOCON LIMITED.,BIOCON,45397423,9377100
02-MAY-2018,INE257A01026,BHEL,BHEL,271244400,49852500
02-MAY-2018,INE423A01024,ADANI ENTERPRISES LIMITED,ADANIENT,55169320,19808000
02-MAY-2018,INE001A01036,HDFC LTD,HDFC,322310002,21642000
02-MAY-2018,INE031B01049,AJANTA PHARMA LIMITED,AJANTPHARM,5155048,905000
02-MAY-2018,INE238A01034,AXIS BANK LIMITED,AXISBANK,321528428,73608000
02-MAY-2018,INE599M01018,JUSTDIAL LTD.,JUSTDIAL,8896412,7378000
02-MAY-2018,INE079A01024,AMBUJA CEMENTS LTD,AMBUJACEM,143765477,11052500
02-MAY-2018,INE434A01013,ANDHRA BANK,ANDHRABANK,52770642,28493000
02-MAY-2018,INE134E01011,POWER FIN CORP LTD.,PFC,179973060,92478000
02-MAY-2018,INE233A01035,GODREJ INDUSTRIES LTD,GODREJIND,16987252,2836500
02-MAY-2018,INE549A01026,HINDUSTAN CONSTRUCTION CO,HCC,145937711,47760000
02-MAY-2018,INE885A01032,AMARA RAJA BATTERIES LTD.,AMARAJABAT,16377009,1563800
02-MAY-2018,INE726G01019,ICICI PRU LIFE INS CO LTD,ICICIPRULI,55379444,6310200
02-MAY-2018,INE203G01027,INDRAPRASTHA GAS LTD,IGL,77000080,7031750
02-MAY-2018,INE175A01038,JAIN IRRIGATION SYSTEMS,JISLJALEQS,63776328,42930000
02-MAY-2018,INE121A01016,CHOLAMANDALAM IN & FIN CO,CHOLAFIN,14674970,696500
02-MAY-2018,INE383A01012,THE INDIA CEMENTS LIMITED,INDIACEM,43899473,30205000
02-MAY-2018,INE872A01014,SREI INFRASTRUCTURE FINAN,SREINFRA,39443554,20347000
02-MAY-2018,INE141A01014,ORIENTAL BANK OF COMMERCE,ORIENTBANK,28817691,17148000
02-MAY-2018,INE683A01023,THE SOUTH INDIAN BANK LTD,SOUTHBANK,361743466,162755451
02-MAY-2018,INE274J01014,OIL INDIA LTD,OIL,76871115,3082893
02-MAY-2018,INE476A01014,CANARA BANK,CANBK,40260000,13074400
02-MAY-2018,INE155A01022,TATA MOTORS LIMITED,TATAMOTORS,367417782,96565500
02-MAY-2018,INE397D01024,BHARTI AIRTEL LIMITED,BHARTIARTL,262379901,62866000
02-MAY-2018,INE029A01011,BHARAT PETROLEUM CORP  LT,BPCL,198231545,19956600
02-MAY-2018,INE585B01010,MARUTI SUZUKI INDIA LTD.,MARUTI,26458324,5043675
02-MAY-2018,INE463A01038,BERGER PAINTS (I) LTD,BERGEPAINT,48577345,2142800
02-MAY-2018,INE226A01021,VOLTAS LTD,VOLTAS,46126252,4547000
02-MAY-2018,INE059A01026,CIPLA LTD,CIPLA,99727414,8773000
02-MAY-2018,INE062A01020,STATE BANK OF INDIA,SBIN,723869981,120699000
02-MAY-2018,INE019A01038,JSW STEEL LIMITED,JSWSTEEL,279415160,69057000
02-MAY-2018,INE785M01013,PC JEWELLER LTD,PCJEWELLER,31356980,35679000
02-MAY-2018,INE018I01017,MINDTREE LIMITED,MINDTREE,28376145,4987200
02-MAY-2018,INE111A01017,CONTAINER CORP OF IND LTD,CONCOR,22032749,1425000
02-MAY-2018,INE028A01039,BANK OF BARODA,BANKBARODA,190333797,59564000
02-MAY-2018,INE802G01018,JET AIRWAYS (INDIA) LTD.,JETAIRWAYS,11132543,9679200
02-MAY-2018,INE334L01012,UJJIVAN FIN. SERVC. LTD.,UJJIVAN,24172356,6920000
02-MAY-2018,INE347G01014,PETRONET LNG LIMITED,PETRONET,150000017,22293000
02-MAY-2018,INE103A01014,MRPL,MRPL,40018232,6160500
02-MAY-2018,INE180A01020,MAX FINANCIAL SERV LTD,MFSL,37416257,2623000
02-MAY-2018,INE988K01017,EQUITAS HOLDINGS LIMITED,EQUITAS,68085995,22825600
02-MAY-2018,INE745G01035,MULTI COMMODITY EXCHANGE,MCX,10173586,4097500
02-MAY-2018,INE498L01015,L&T FINANCE HOLDINGS LTD,L&TFH,130867153,40743000
02-MAY-2018,INE092T01019,IDFC BANK LIMITED,IDFCBANK,321318880,224773000
02-MAY-2018,INE089A01023,DR. REDDY'S LABORATORIES,DRREDDY,24302415,4936500
02-MAY-2018,INE774D01024,M&M FIN. SERVICES LTD,M&MFIN,59653861,9191250
02-MAY-2018,INE670A01012,TATA ELXSI LIMITED,TATAELXSI,6904235,2621600
02-MAY-2018,INE939A01011,STRIDES SHASUN LIMITED,STAR,12286330,2145000
02-MAY-2018,INE176B01034,HAVELLS INDIA LIMITED,HAVELLS,50452729,7623000
02-MAY-2018,INE481G01011,ULTRATECH CEMENT LIMITED,ULTRACEMCO,20882043,1978800
02-MAY-2018,INE455I01029,KAVERI SEED CO. LTD.,KSCL,5976433,2475000
02-MAY-2018,INE039A01010,IFCI LTD,IFCI,147807447,88638000
02-MAY-2018,INE437A01024,APOLLO HOSPITALS ENTER. L,APOLLOHOSP,18256536,784500
02-MAY-2018,INE848E01016,NHPC LTD,NHPC,534367887,43929000
02-MAY-2018,INE761H01022,PAGE INDUSTRIES LTD,PAGEIND,1137517,52425
02-MAY-2018,INE331A01037,THE RAMCO CEMENTS LIMITED,RAMCOCEM,26974244,1328000
02-MAY-2018,INE002A01018,RELIANCE INDUSTRIES LTD,RELIANCE,648225774,71998000
02-MAY-2018,INE860A01027,HCL TECHNOLOGIES LTD,HCLTECH,110873154,15680000
02-MAY-2018,INE101A01026,MAHINDRA & MAHINDRA LTD,M&M,171882735,15918000
02-MAY-2018,INE482A01020,CEAT LIMITED,CEATLTD,3983269,2224600
02-MAY-2018,INE055A01016,CENTURY TEXTILES LTD,CENTURYTEX,11123542,7990950
02-MAY-2018,INE090A01021,ICICI BANK LTD.,ICICIBANK,974854856,109263000
02-MAY-2018,INE114A01011,STEEL AUTHORITY OF INDIA,SAIL,206528041,122292000
02-MAY-2018,INE467B01029,TATA CONSULTANCY SERV LT,TCS,107522754,9694750
02-MAY-2018,INE038A01020,HINDALCO  INDUSTRIES  LTD,HINDALCO,293324681,64036000
02-MAY-2018,INE044A01036,SUN PHARMACEUTICAL IND L,SUNPHARMA,218893559,64541400
02-MAY-2018,INE797F01012,JUBILANT FOODWORKS LTD,JUBLFOOD,7220449,3426000
02-MAY-2018,INE628A01036,UPL LIMITED,UPL,73595637,14372400
02-MAY-2018,INE836A01035,KPIT TECHNOLOGIES LTD,KPIT,30424585,10908000
02-MAY-2018,INE263A01024,BHARAT ELECTRONICS LTD,BEL,161843603,39654450
02-MAY-2018,INE258A01016,BEML LIMITED,BEML,3828900,2421000
02-MAY-2018,INE095N01031,NBCC (INDIA) LIMITED,NBCC,91788934,21690000
02-MAY-2018,INE121J01017,BHARTI INFRATEL LTD.,INFRATEL,171813031,9188500
02-MAY-2018,INE414G01012,MUTHOOT FINANCE LIMITED,MUTHOOTFIN,21115473,1626000
02-MAY-2018,INE002S01010,MAHANAGAR GAS LTD.,MGL,6914463,3564000
02-MAY-2018,INE070A01015,SHREE CEMENT LIMITED,SHREECEM,2453485,79550
02-MAY-2018,INE685A01028,TORRENT PHARMACEUTICALS L,TORNTPHARM,9731600,482500
02-MAY-2018,INE160A01022,PUNJAB NATIONAL BANK,PNB,208425616,84850000
02-MAY-2018,INE256A01028,ZEE ENTERTAINMENT ENT LTD,ZEEL,112138681,9765600
02-MAY-2018,INE494B01023,TVS MOTOR COMPANY  LTD,TVSMOTOR,40480865,5754000
02-MAY-2018,INE669C01036,TECH MAHINDRA LIMITED,TECHM,125324752,15346800
02-MAY-2018,INE614B01018,KARNATAKA BANK LIMITED,KTKBANK,56521537,28812300
02-MAY-2018,INE821I01014,IRB INFRA DEV LTD.,IRB,29963877,29542500
02-MAY-2018,INE196A01026,MARICO LIMITED,MARICO,103640537,9204000
02-MAY-2018,INE047A01021,GRASIM INDUSTRIES LTD,GRASIM,78753115,7086000
02-MAY-2018,INE428A01015,ALLAHABAD BANK,ALBK,50696289,17190000
02-MAY-2018,INE042A01014,ESCORTS INDIA LTD,ESCORTS,14692848,4589200
02-MAY-2018,INE813H01021,TORRENT POWER LTD,TORNTPOWER,44634693,4839000
02-MAY-2018,INE477A01020,CAN FIN HOMES LTD,CANFINHOME,18644752,7536250
02-MAY-2018,INE439L01019,DALMIA BHARAT LIMITED,DALMIABHA,6976232,686700
02-MAY-2018,INE239A01016,NESTLE INDIA LIMITED,NESTLEIND,7180127,301800
02-MAY-2018,INE976G01028,RBL BANK LIMITED,RBLBANK,77409238,6012000
02-MAY-2018,INE455F01025,JAIPRAKASH ASSOCIATES LTD,JPASSOCIAT,296396127,258094000
02-MAY-2018,INE667A01018,SYNDICATE BANK,SYNDIBANK,76346533,35541000
02-MAY-2018,INE081A01012,TATA STEEL LIMITED,TATASTEEL,160852973,29115962
02-MAY-2018,INE646L01027,INTERGLOBE AVIATION LTD,INDIGO,19270843,4352400
02-MAY-2018,INE528G01027,YES BANK LIMITED,YESBANK,368450999,79891000
02-MAY-2018,INE009A01021,INFOSYS LIMITED,INFY,378321882,47363400
02-MAY-2018,INE245A01021,TATA POWER CO LTD,TATAPOWER,362314608,61803000
02-MAY-2018,INE259A01022,COLGATE PALMOLIVE LTD.,COLPAL,26654592,1551900
02-MAY-2018,INE021A01026,ASIAN PAINTS LIMITED,ASIANPAINT,90562661,5212800
02-MAY-2018,INE013A01015,RELIANCE CAPITAL LTD,RELCAPITAL,23712733,15415500
02-MAY-2018,INE522F01014,COAL INDIA LTD,COALINDIA,266347492,21076000
02-MAY-2018,INE075A01022,WIPRO LTD,WIPRO,227737894,37708800
02-MAY-2018,INE180K01011,BHARAT FIN INCLUSION LTD,BHARATFIN,27402852,5074000
02-MAY-2018,INE330H01018,RELIANCE COMMUNICATIONS L,RCOM,254668091,195356000
02-MAY-2018,INE584A01023,NMDC LTD.,NMDC,174463784,29244000
02-MAY-2018,INE438A01022,APOLLO TYRES LTD,APOLLOTYRE,68274570,13488000
02-MAY-2018,INE095A01012,INDUSIND BANK LIMITED,INDUSINDBK,89142781,7240500
02-MAY-2018,INE176A01028,BATA INDIA LTD,BATAINDIA,12092405,3380300
02-MAY-2018,INE043D01016,IDFC LIMITED,IDFC,319270913,173118000
02-MAY-2018,INE854D01016,UNITED SPIRITS LIMITED,MCDOWELL-N,12068662,2328500
02-MAY-2018,INE562A01011,INDIAN BANK,INDIANB,17411248,3934000
02-MAY-2018,INE172A01027,CASTROL INDIA LIMITED,CASTROLIND,96933993,14876400
02-MAY-2018,INE951I01027,V-GUARD IND LTD.,VGUARD,30382518,3021000
02-MAY-2018,INE614G01033,RELIANCE POWER LTD.,RPOWER,140232274,85566000
02-MAY-2018,INE101D01020,GRANULES INDIA LIMITED,GRANULES,27953352,16580000
02-MAY-2018,INE881D01027,ORACLE FIN SERV SOFT LTD.,OFSS,4473139,106950
02-MAY-2018,INE424H01027,SUN TV NETWORK LIMITED,SUNTV,19704232,7001000
02-MAY-2018,INE591G01017,NIIT TECHNOLOGIES LTD,NIITTECH,8521601,3234750
02-MAY-2018,INE016A01026,DABUR INDIA LTD,DABUR,112503966,15025000
02-MAY-2018,INE267A01025,HINDUSTAN ZINC LIMITED,HINDZINC,296432938,15120000
02-MAY-2018,INE158A01026,HERO MOTOCORP LIMITED,HEROMOTOCO,26109074,2410800
02-MAY-2018,INE836F01026,DISH TV INDIA LTD.,DISHTV,252399275,57197000
02-MAY-2018,INE040A01026,HDFC BANK LTD,HDFCBANK,315777204,25050500
02-MAY-2018,INE742F01042,ADANI PORT & SEZ LTD,ADANIPORTS,139696137,17457500
02-MAY-2018,INE669E01016,IDEA CELLULAR LIMITED,IDEA,500768043,171024000
02-MAY-2018,INE486A01013,CESC LTD,CESC,13275380,6292550
02-MAY-2018,IN9155A01020,TATA MOTORS DVR 'A' ORD,TATAMTRDVR,101602140,28631500
02-MAY-2018,INE510A01028,ENGINEERS INDIA LTD,ENGINERSIN,60644337,10794000
02-MAY-2018,INE302A01020,EXIDE INDUSTRIES LTD,EXIDEIND,91809066,11820000
02-MAY-2018,INE102D01028,GODREJ CONSUMER PRODUCTS,GODREJCP,50067470,2536800
02-MAY-2018,INE483S01020,INFIBEAM INCORP. LIMITED,INFIBEAM,59007086,33672000
02-MAY-2018,INE191H01014,PVR LIMITED,PVR,7454656,926800
02-MAY-2018,INE752E01010,POWER GRID CORP. LTD.,POWERGRID,450854977,33896000
02-MAY-2018,INE877F01012,PTC INDIA LIMITED,PTC,49601664,23016000
02-MAY-2018,INE688I01017,CAPITAL FIRST LIMITED,CAPF,12755928,7656800
02-MAY-2018,INE298A01020,CUMMINS INDIA LTD,CUMMINSIND,27165463,936600
02-MAY-2018,INE918I01018,BAJAJ FINSERV LTD.,BAJAJFINSV,13255977,720625
02-MAY-2018,INE008A01015,IDBI BANK LIMITED,IDBI,107140375,64310000
02-MAY-2018,INE612J01015,REPCO HOME FINANCE LTD,REPCOHOME,7866151,1129500
02-MAY-2018,INE040H01021,SUZLON ENERGY LIMITED,SUZLON,851588480,364025000
02-MAY-2018,INE178A01016,CHENNAI PETROLEUM CORP LT,CHENNPETRO,9742660,3601500
02-MAY-2018,INE067A01029,CG POWER AND IND SOL LTD,CGPOWER,82094513,22776000
02-MAY-2018,INE883A01011,MRF LTD,MRF,614661,37170
02-MAY-2018,INE323A01026,BOSCH LIMITED,BOSCHLTD,1801607,157600
