<?xml version="1.0" encoding="utf-8" ?>
<MWPL_Viols>
<MWPL>
	<Date>02-MAY-2018</Date>
	<ISIN>INE208A01029</ISIN>
	<Scrip_Name>ASHOK LEYLAND LTD</Scrip_Name>
	<NSE_Symbol>ASHOKLEY</NSE_Symbol>
	<MWPL_Limit>285288768</MWPL_Limit>
	<Open_Interest>80029000</Open_Interest>
	<Limit_for_Next_Day></Limit_for_Next_Day>
</MWPL>
<MWPL>
	<Date>02-MAY-2018</Date>
	<ISIN>INE012A01025</ISIN>
	<Scrip_Name>ACC LIMITED</Scrip_Name>
	<NSE_Symbol>ACC</NSE_Symbol>
	<MWPL_Limit>17078428</MWPL_Limit>
	<Open_Interest>1763600</Open_Interest>
	<Limit_for_Next_Day></Limit_for_Next_Day>
</MWPL>
<MWPL>
	<Date>02-MAY-2018</Date>
	<ISIN>INE868B01028</ISIN>
	<Scrip_Name>NCC LIMITED</Scrip_Name>
	<NSE_Symbol>NCC</NSE_Symbol>
	<MWPL_Limit>98373621</MWPL_Limit>
	<Open_Interest>36656000</Open_Interest>
	<Limit_for_Next_Day></Limit_for_Next_Day>
</MWPL>
<MWPL>
	<Date>02-MAY-2018</Date>
	<ISIN>INE935A01035</ISIN>
	<Scrip_Name>GLENMARK PHARMACEUTICALS</Scrip_Name>
	<NSE_Symbol>GLENMARK</NSE_Symbol>
	<MWPL_Limit>30171874</MWPL_Limit>
	<Open_Interest>5853700</Open_Interest>
	<Limit_for_Next_Day></Limit_for_Next_Day>
</MWPL>
<MWPL>
	<Date>02-MAY-2018</Date>
	<ISIN>INE115A01026</ISIN>
	<Scrip_Name>LIC HOUSING FINANCE LTD</Scrip_Name>
	<NSE_Symbol>LICHSGFIN</NSE_Symbol>
	<MWPL_Limit>60244101</MWPL_Limit>
	<Open_Interest>14540900</Open_Interest>
	<Limit_for_Next_Day></Limit_for_Next_Day>
</MWPL>
<MWPL>
	<Date>02-MAY-2018</Date>
	<ISIN>INE036A01016</ISIN>
	<Scrip_Name>RELIANCE INFRASTRUCTU LTD</Scrip_Name>
	<NSE_Symbol>RELINFRA</NSE_Symbol>
	<MWPL_Limit>25819497</MWPL_Limit>
	<Open_Interest>10882300</Open_Interest>
	<Limit_for_Next_Day></Limit_for_Next_Day>
</MWPL>
<MWPL>
	<Date>02-MAY-2018</Date>
	<ISIN>INE406A01037</ISIN>
	<Scrip_Name>AUROBINDO PHARMA LTD</Scrip_Name>
	<NSE_Symbol>AUROPHARMA</NSE_Symbol>
	<MWPL_Limit>56396335</MWPL_Limit>
	<Open_Interest>22588800</Open_Interest>
	<Limit_for_Next_Day></Limit_for_Next_Day>
</MWPL>
<MWPL>
	<Date>02-MAY-2018</Date>
	<ISIN>INE522D01027</ISIN>
	<Scrip_Name>MANAPPURAM FINANCE LTD</Scrip_Name>
	<NSE_Symbol>MANAPPURAM</NSE_Symbol>
	<MWPL_Limit>110136994</MWPL_Limit>
	<Open_Interest>18684000</Open_Interest>
	<Limit_for_Next_Day></Limit_for_Next_Day>
</MWPL>
<MWPL>
	<Date>02-MAY-2018</Date>
	<ISIN>INE018A01030</ISIN>
	<Scrip_Name>LARSEN & TOUBRO LTD.</Scrip_Name>
	<NSE_Symbol>LT</NSE_Symbol>
	<MWPL_Limit>274345282</MWPL_Limit>
	<Open_Interest>16016250</Open_Interest>
	<Limit_for_Next_Day></Limit_for_Next_Day>
</MWPL>
<MWPL>
	<Date>02-MAY-2018</Date>
	<ISIN>INE361B01024</ISIN>
	<Scrip_Name>DIVI'S LABORATORIES LTD</Scrip_Name>
	<NSE_Symbol>DIVISLAB</NSE_Symbol>
	<MWPL_Limit>25457469</MWPL_Limit>
	<Open_Interest>2582400</Open_Interest>
	<Limit_for_Next_Day></Limit_for_Next_Day>
</MWPL>
<MWPL>
	<Date>02-MAY-2018</Date>
	<ISIN>INE326A01037</ISIN>
	<Scrip_Name>LUPIN LIMITED</Scrip_Name>
	<NSE_Symbol>LUPIN</NSE_Symbol>
	<MWPL_Limit>47910624</MWPL_Limit>
	<Open_Interest>15426500</Open_Interest>
	<Limit_for_Next_Day></Limit_for_Next_Day>
</MWPL>
<MWPL>
	<Date>02-MAY-2018</Date>
	<ISIN>INE692A01016</ISIN>
	<Scrip_Name>UNION BANK OF INDIA</Scrip_Name>
	<NSE_Symbol>UNIONBANK</NSE_Symbol>
	<MWPL_Limit>76131760</MWPL_Limit>
	<Open_Interest>35488000</Open_Interest>
	<Limit_for_Next_Day></Limit_for_Next_Day>
</MWPL>
<MWPL>
	<Date>02-MAY-2018</Date>
	<ISIN>INE049B01025</ISIN>
	<Scrip_Name>WOCKHARDT LIMITED</Scrip_Name>
	<NSE_Symbol>WOCKPHARMA</NSE_Symbol>
	<MWPL_Limit>5729014</MWPL_Limit>
	<Open_Interest>4381200</Open_Interest>
	<Limit_for_Next_Day></Limit_for_Next_Day>
</MWPL>
<MWPL>
	<Date>02-MAY-2018</Date>
	<ISIN>INE503A01015</ISIN>
	<Scrip_Name>DCB BANK LIMITED</Scrip_Name>
	<NSE_Symbol>DCBBANK</NSE_Symbol>
	<MWPL_Limit>52376929</MWPL_Limit>
	<Open_Interest>9877500</Open_Interest>
	<Limit_for_Next_Day></Limit_for_Next_Day>
</MWPL>
<MWPL>
	<Date>02-MAY-2018</Date>
	<ISIN>INE026A01025</ISIN>
	<Scrip_Name>GUJ STATE FERT & CHEM LTD</Scrip_Name>
	<NSE_Symbol>GSFC</NSE_Symbol>
	<MWPL_Limit>49535525</MWPL_Limit>
	<Open_Interest>20349000</Open_Interest>
	<Limit_for_Next_Day></Limit_for_Next_Day>
</MWPL>
<MWPL>
	<Date>02-MAY-2018</Date>
	<ISIN>INE213A01029</ISIN>
	<Scrip_Name>OIL AND NATURAL GAS CORP.</Scrip_Name>
	<NSE_Symbol>ONGC</NSE_Symbol>
	<MWPL_Limit>828640584</MWPL_Limit>
	<Open_Interest>44422500</Open_Interest>
	<Limit_for_Next_Day></Limit_for_Next_Day>
</MWPL>
<MWPL>
	<Date>02-MAY-2018</Date>
	<ISIN>INE814H01011</ISIN>
	<Scrip_Name>ADANI POWER LTD</Scrip_Name>
	<NSE_Symbol>ADANIPOWER</NSE_Symbol>
	<MWPL_Limit>207730274</MWPL_Limit>
	<Open_Interest>104620000</Open_Interest>
	<Limit_for_Next_Day></Limit_for_Next_Day>
</MWPL>
<MWPL>
	<Date>02-MAY-2018</Date>
	<ISIN>INE151A01013</ISIN>
	<Scrip_Name>TATA COMMUNICATIONS LTD</Scrip_Name>
	<NSE_Symbol>TATACOMM</NSE_Symbol>
	<MWPL_Limit>14253357</MWPL_Limit>
	<Open_Interest>6520000</Open_Interest>
	<Limit_for_Next_Day></Limit_for_Next_Day>
</MWPL>
<MWPL>
	<Date>02-MAY-2018</Date>
	<ISIN>INE318A01026</ISIN>
	<Scrip_Name>PIDILITE INDUSTRIES LTD</Scrip_Name>
	<NSE_Symbol>PIDILITIND</NSE_Symbol>
	<MWPL_Limit>30693818</MWPL_Limit>
	<Open_Interest>1597000</Open_Interest>
	<Limit_for_Next_Day></Limit_for_Next_Day>
</MWPL>
<MWPL>
	<Date>02-MAY-2018</Date>
	<ISIN>INE733E01010</ISIN>
	<Scrip_Name>NTPC LTD</Scrip_Name>
	<NSE_Symbol>NTPC</NSE_Symbol>
	<MWPL_Limit>622127827</MWPL_Limit>
	<Open_Interest>41168000</Open_Interest>
	<Limit_for_Next_Day></Limit_for_Next_Day>
</MWPL>
<MWPL>
	<Date>02-MAY-2018</Date>
	<ISIN>INE216A01022</ISIN>
	<Scrip_Name>BRITANNIA INDUSTRIES LTD</Scrip_Name>
	<NSE_Symbol>BRITANNIA</NSE_Symbol>
	<MWPL_Limit>11837250</MWPL_Limit>
	<Open_Interest>918400</Open_Interest>
	<Limit_for_Next_Day></Limit_for_Next_Day>
</MWPL>
<MWPL>
	<Date>02-MAY-2018</Date>
	<ISIN>INE217B01036</ISIN>
	<Scrip_Name>KAJARIA CERAMICS LTD</Scrip_Name>
	<NSE_Symbol>KAJARIACER</NSE_Symbol>
	<MWPL_Limit>16664813</MWPL_Limit>
	<Open_Interest>1783200</Open_Interest>
	<Limit_for_Next_Day></Limit_for_Next_Day>
</MWPL>
<MWPL>
	<Date>02-MAY-2018</Date>
	<ISIN>INE260B01028</ISIN>
	<Scrip_Name>GODFREY PHILLIPS INDIA LT</Scrip_Name>
	<NSE_Symbol>GODFRYPHLP</NSE_Symbol>
	<MWPL_Limit>2891826</MWPL_Limit>
	<Open_Interest>647500</Open_Interest>
	<Limit_for_Next_Day></Limit_for_Next_Day>
</MWPL>
<MWPL>
	<Date>02-MAY-2018</Date>
	<ISIN>INE280A01028</ISIN>
	<Scrip_Name>TITAN COMPANY LIMITED</Scrip_Name>
	<NSE_Symbol>TITAN</NSE_Symbol>
	<MWPL_Limit>83616848</MWPL_Limit>
	<Open_Interest>14358000</Open_Interest>
	<Limit_for_Next_Day></Limit_for_Next_Day>
</MWPL>
<MWPL>
	<Date>02-MAY-2018</Date>
	<ISIN>INE749A01030</ISIN>
	<Scrip_Name>JINDAL STEEL & POWER LTD</Scrip_Name>
	<NSE_Symbol>JINDALSTEL</NSE_Symbol>
	<MWPL_Limit>80032468</MWPL_Limit>
	<Open_Interest>45022500</Open_Interest>
	<Limit_for_Next_Day></Limit_for_Next_Day>
</MWPL>
<MWPL>
	<Date>02-MAY-2018</Date>
	<ISIN>INE171A01029</ISIN>
	<Scrip_Name>FEDERAL BANK LTD</Scrip_Name>
	<NSE_Symbol>FEDERALBNK</NSE_Symbol>
	<MWPL_Limit>387843769</MWPL_Limit>
	<Open_Interest>75025500</Open_Interest>
	<Limit_for_Next_Day></Limit_for_Next_Day>
</MWPL>
<MWPL>
	<Date>02-MAY-2018</Date>
	<ISIN>INE034A01011</ISIN>
	<Scrip_Name>ARVIND LIMITED</Scrip_Name>
	<NSE_Symbol>ARVIND</NSE_Symbol>
	<MWPL_Limit>29523385</MWPL_Limit>
	<Open_Interest>8468000</Open_Interest>
	<Limit_for_Next_Day></Limit_for_Next_Day>
</MWPL>
<MWPL>
	<Date>02-MAY-2018</Date>
	<ISIN>INE271C01023</ISIN>
	<Scrip_Name>DLF LIMITED</Scrip_Name>
	<NSE_Symbol>DLF</NSE_Symbol>
	<MWPL_Limit>89392781</MWPL_Limit>
	<Open_Interest>55420000</Open_Interest>
	<Limit_for_Next_Day></Limit_for_Next_Day>
</MWPL>
<MWPL>
	<Date>02-MAY-2018</Date>
	<ISIN>INE139A01034</ISIN>
	<Scrip_Name>NATIONAL ALUMINIUM CO LTD</Scrip_Name>
	<NSE_Symbol>NATIONALUM</NSE_Symbol>
	<MWPL_Limit>153842355</MWPL_Limit>
	<Open_Interest>52784000</Open_Interest>
	<Limit_for_Next_Day></Limit_for_Next_Day>
</MWPL>
<MWPL>
	<Date>02-MAY-2018</Date>
	<ISIN>INE092A01019</ISIN>
	<Scrip_Name>TATA CHEMICALS LTD</Scrip_Name>
	<NSE_Symbol>TATACHEM</NSE_Symbol>
	<MWPL_Limit>35256784</MWPL_Limit>
	<Open_Interest>6196500</Open_Interest>
	<Limit_for_Next_Day></Limit_for_Next_Day>
</MWPL>
<MWPL>
	<Date>02-MAY-2018</Date>
	<ISIN>INE003A01024</ISIN>
	<Scrip_Name>SIEMENS LTD</Scrip_Name>
	<NSE_Symbol>SIEMENS</NSE_Symbol>
	<MWPL_Limit>17806068</MWPL_Limit>
	<Open_Interest>1620500</Open_Interest>
	<Limit_for_Next_Day></Limit_for_Next_Day>
</MWPL>
<MWPL>
	<Date>02-MAY-2018</Date>
	<ISIN>INE721A01013</ISIN>
	<Scrip_Name>SHRIRAM TRANSPORT FIN CO.</Scrip_Name>
	<NSE_Symbol>SRTRANSFIN</NSE_Symbol>
	<MWPL_Limit>33541942</MWPL_Limit>
	<Open_Interest>4572000</Open_Interest>
	<Limit_for_Next_Day></Limit_for_Next_Day>
</MWPL>
<MWPL>
	<Date>02-MAY-2018</Date>
	<ISIN>INE775A01035</ISIN>
	<Scrip_Name>MOTHERSON SUMI SYSTEMS LT</Scrip_Name>
	<NSE_Symbol>MOTHERSUMI</NSE_Symbol>
	<MWPL_Limit>161153025</MWPL_Limit>
	<Open_Interest>14134400</Open_Interest>
	<Limit_for_Next_Day></Limit_for_Next_Day>
</MWPL>
<MWPL>
	<Date>02-MAY-2018</Date>
	<ISIN>INE542F01012</ISIN>
	<Scrip_Name>RELIANCE NAVAL & ENGG LTD</Scrip_Name>
	<NSE_Symbol>RNAVAL</NSE_Symbol>
	<MWPL_Limit>103220648</MWPL_Limit>
	<Open_Interest>64647000</Open_Interest>
	<Limit_for_Next_Day></Limit_for_Next_Day>
</MWPL>
<MWPL>
	<Date>02-MAY-2018</Date>
	<ISIN>INE129A01019</ISIN>
	<Scrip_Name>GAIL (INDIA) LTD</Scrip_Name>
	<NSE_Symbol>GAIL</NSE_Symbol>
	<MWPL_Limit>206247852</MWPL_Limit>
	<Open_Interest>14887194</Open_Interest>
	<Limit_for_Next_Day></Limit_for_Next_Day>
</MWPL>
<MWPL>
	<Date>02-MAY-2018</Date>
	<ISIN>INE296A01024</ISIN>
	<Scrip_Name>BAJAJ FINANCE LIMITED</Scrip_Name>
	<NSE_Symbol>BAJFINANCE</NSE_Symbol>
	<MWPL_Limit>51291220</MWPL_Limit>
	<Open_Interest>5760000</Open_Interest>
	<Limit_for_Next_Day></Limit_for_Next_Day>
</MWPL>
<MWPL>
	<Date>02-MAY-2018</Date>
	<ISIN>INE148I01020</ISIN>
	<Scrip_Name>INDIABULLS HSG FIN LTD</Scrip_Name>
	<NSE_Symbol>IBULHSGFIN</NSE_Symbol>
	<MWPL_Limit>64748787</MWPL_Limit>
	<Open_Interest>14149200</Open_Interest>
	<Limit_for_Next_Day></Limit_for_Next_Day>
</MWPL>
<MWPL>
	<Date>02-MAY-2018</Date>
	<ISIN>INE119A01028</ISIN>
	<Scrip_Name>BALRAMPUR CHINI MILLS LTD</Scrip_Name>
	<NSE_Symbol>BALRAMCHIN</NSE_Symbol>
	<MWPL_Limit>26960750</MWPL_Limit>
	<Open_Interest>22925000</Open_Interest>
	<Limit_for_Next_Day></Limit_for_Next_Day>
</MWPL>
<MWPL>
	<Date>02-MAY-2018</Date>
	<ISIN>INE140A01024</ISIN>
	<Scrip_Name>PIRAMAL ENTERPRISES LTD</Scrip_Name>
	<NSE_Symbol>PEL</NSE_Symbol>
	<MWPL_Limit>17210032</MWPL_Limit>
	<Open_Interest>2017360</Open_Interest>
	<Limit_for_Next_Day></Limit_for_Next_Day>
</MWPL>
<MWPL>
	<Date>02-MAY-2018</Date>
	<ISIN>INE686F01025</ISIN>
	<Scrip_Name>UNITED BREWERIES LTD</Scrip_Name>
	<NSE_Symbol>UBL</NSE_Symbol>
	<MWPL_Limit>14094534</MWPL_Limit>
	<Open_Interest>956900</Open_Interest>
	<Limit_for_Next_Day></Limit_for_Next_Day>
</MWPL>
<MWPL>
	<Date>02-MAY-2018</Date>
	<ISIN>INE094A01015</ISIN>
	<Scrip_Name>HINDUSTAN PETROLEUM CORP</Scrip_Name>
	<NSE_Symbol>HINDPETRO</NSE_Symbol>
	<MWPL_Limit>304764525</MWPL_Limit>
	<Open_Interest>37666125</Open_Interest>
	<Limit_for_Next_Day></Limit_for_Next_Day>
</MWPL>
<MWPL>
	<Date>02-MAY-2018</Date>
	<ISIN>INE192A01025</ISIN>
	<Scrip_Name>TATA GLOBAL BEVERAGES LTD</Scrip_Name>
	<NSE_Symbol>TATAGLOBAL</NSE_Symbol>
	<MWPL_Limit>78977321</MWPL_Limit>
	<Open_Interest>29274750</Open_Interest>
	<Limit_for_Next_Day></Limit_for_Next_Day>
</MWPL>
<MWPL>
	<Date>02-MAY-2018</Date>
	<ISIN>INE030A01027</ISIN>
	<Scrip_Name>HINDUSTAN UNILEVER LTD.</Scrip_Name>
	<NSE_Symbol>HINDUNILVR</NSE_Symbol>
	<MWPL_Limit>142023183</MWPL_Limit>
	<Open_Interest>10336200</Open_Interest>
	<Limit_for_Next_Day></Limit_for_Next_Day>
</MWPL>
<MWPL>
	<Date>02-MAY-2018</Date>
	<ISIN>INE093A01033</ISIN>
	<Scrip_Name>HEXAWARE TECHNOLOGIES LTD</Scrip_Name>
	<NSE_Symbol>HEXAWARE</NSE_Symbol>
	<MWPL_Limit>17076421</MWPL_Limit>
	<Open_Interest>5653500</Open_Interest>
	<Limit_for_Next_Day></Limit_for_Next_Day>
</MWPL>
<MWPL>
	<Date>02-MAY-2018</Date>
	<ISIN>INE647A01010</ISIN>
	<Scrip_Name>SRF LTD</Scrip_Name>
	<NSE_Symbol>SRF</NSE_Symbol>
	<MWPL_Limit>5468800</MWPL_Limit>
	<Open_Interest>606000</Open_Interest>
	<Limit_for_Next_Day></Limit_for_Next_Day>
</MWPL>
<MWPL>
	<Date>02-MAY-2018</Date>
	<ISIN>INE242A01010</ISIN>
	<Scrip_Name>INDIAN OIL CORP LTD</Scrip_Name>
	<NSE_Symbol>IOC</NSE_Symbol>
	<MWPL_Limit>835674696</MWPL_Limit>
	<Open_Interest>49971000</Open_Interest>
	<Limit_for_Next_Day></Limit_for_Next_Day>
</MWPL>
<MWPL>
	<Date>02-MAY-2018</Date>
	<ISIN>INE301A01014</ISIN>
	<Scrip_Name>RAYMOND LTD</Scrip_Name>
	<NSE_Symbol>RAYMOND</NSE_Symbol>
	<MWPL_Limit>6835595</MWPL_Limit>
	<Open_Interest>5593600</Open_Interest>
	<Limit_for_Next_Day></Limit_for_Next_Day>
</MWPL>
<MWPL>
	<Date>02-MAY-2018</Date>
	<ISIN>INE020B01018</ISIN>
	<Scrip_Name>RURAL ELEC CORP. LTD.</Scrip_Name>
	<NSE_Symbol>RECLTD</NSE_Symbol>
	<MWPL_Limit>164647843</MWPL_Limit>
	<Open_Interest>49554000</Open_Interest>
	<Limit_for_Next_Day></Limit_for_Next_Day>
</MWPL>
<MWPL>
	<Date>02-MAY-2018</Date>
	<ISIN>INE084A01016</ISIN>
	<Scrip_Name>BANK OF INDIA</Scrip_Name>
	<NSE_Symbol>BANKINDIA</NSE_Symbol>
	<MWPL_Limit>55436059</MWPL_Limit>
	<Open_Interest>31758000</Open_Interest>
	<Limit_for_Next_Day></Limit_for_Next_Day>
</MWPL>
<MWPL>
	<Date>02-MAY-2018</Date>
	<ISIN>INE787D01026</ISIN>
	<Scrip_Name>BALKRISHNA IND. LTD</Scrip_Name>
	<NSE_Symbol>BALKRISIND</NSE_Symbol>
	<MWPL_Limit>16124234</MWPL_Limit>
	<Open_Interest>1299200</Open_Interest>
	<Limit_for_Next_Day></Limit_for_Next_Day>
</MWPL>
<MWPL>
	<Date>02-MAY-2018</Date>
	<ISIN>INE776C01039</ISIN>
	<Scrip_Name>GMR INFRASTRUCTURE LTD.</Scrip_Name>
	<NSE_Symbol>GMRINFRA</NSE_Symbol>
	<MWPL_Limit>459279245</MWPL_Limit>
	<Open_Interest>331560000</Open_Interest>
	<Limit_for_Next_Day></Limit_for_Next_Day>
</MWPL>
<MWPL>
	<Date>02-MAY-2018</Date>
	<ISIN>INE010B01027</ISIN>
	<Scrip_Name>CADILA HEALTHCARE LIMITED</Scrip_Name>
	<NSE_Symbol>CADILAHC</NSE_Symbol>
	<MWPL_Limit>51610474</MWPL_Limit>
	<Open_Interest>8547200</Open_Interest>
	<Limit_for_Next_Day></Limit_for_Next_Day>
</MWPL>
<MWPL>
	<Date>02-MAY-2018</Date>
	<ISIN>INE886H01027</ISIN>
	<Scrip_Name>TV18 BROADCAST LIMITED</Scrip_Name>
	<NSE_Symbol>TV18BRDCST</NSE_Symbol>
	<MWPL_Limit>129899100</MWPL_Limit>
	<Open_Interest>89020500</Open_Interest>
	<Limit_for_Next_Day></Limit_for_Next_Day>
</MWPL>
<MWPL>
	<Date>02-MAY-2018</Date>
	<ISIN>INE066A01013</ISIN>
	<Scrip_Name>EICHER MOTORS LTD</Scrip_Name>
	<NSE_Symbol>EICHERMOT</NSE_Symbol>
	<MWPL_Limit>2698673</MWPL_Limit>
	<Open_Interest>224825</Open_Interest>
	<Limit_for_Next_Day></Limit_for_Next_Day>
</MWPL>
<MWPL>
	<Date>02-MAY-2018</Date>
	<ISIN>INE154A01025</ISIN>
	<Scrip_Name>ITC LTD</Scrip_Name>
	<NSE_Symbol>ITC</NSE_Symbol>
	<MWPL_Limit>2435920598</MWPL_Limit>
	<Open_Interest>103960800</Open_Interest>
	<Limit_for_Next_Day></Limit_for_Next_Day>
</MWPL>
<MWPL>
	<Date>02-MAY-2018</Date>
	<ISIN>INE205A01025</ISIN>
	<Scrip_Name>VEDANTA LIMITED</Scrip_Name>
	<NSE_Symbol>VEDL</NSE_Symbol>
	<MWPL_Limit>368868796</MWPL_Limit>
	<Open_Interest>51224250</Open_Interest>
	<Limit_for_Next_Day></Limit_for_Next_Day>
</MWPL>
<MWPL>
	<Date>02-MAY-2018</Date>
	<ISIN>INE465A01025</ISIN>
	<Scrip_Name>BHARAT FORGE LTD</Scrip_Name>
	<NSE_Symbol>BHARATFORG</NSE_Symbol>
	<MWPL_Limit>50517678</MWPL_Limit>
	<Open_Interest>8630400</Open_Interest>
	<Limit_for_Next_Day></Limit_for_Next_Day>
</MWPL>
<MWPL>
	<Date>02-MAY-2018</Date>
	<ISIN>INE237A01028</ISIN>
	<Scrip_Name>KOTAK MAHINDRA BANK LTD</Scrip_Name>
	<NSE_Symbol>KOTAKBANK</NSE_Symbol>
	<MWPL_Limit>266636508</MWPL_Limit>
	<Open_Interest>19260000</Open_Interest>
	<Limit_for_Next_Day></Limit_for_Next_Day>
</MWPL>
<MWPL>
	<Date>02-MAY-2018</Date>
	<ISIN>INE202B01012</ISIN>
	<Scrip_Name>DEWAN HOUSING FIN CORP LT</Scrip_Name>
	<NSE_Symbol>DHFL</NSE_Symbol>
	<MWPL_Limit>38121826</MWPL_Limit>
	<Open_Interest>33351000</Open_Interest>
	<Limit_for_Next_Day></Limit_for_Next_Day>
</MWPL>
<MWPL>
	<Date>02-MAY-2018</Date>
	<ISIN>INE917I01010</ISIN>
	<Scrip_Name>BAJAJ AUTO LIMITED</Scrip_Name>
	<NSE_Symbol>BAJAJ-AUTO</NSE_Symbol>
	<MWPL_Limit>29341807</MWPL_Limit>
	<Open_Interest>2377750</Open_Interest>
	<Limit_for_Next_Day></Limit_for_Next_Day>
</MWPL>
<MWPL>
	<Date>02-MAY-2018</Date>
	<ISIN>INE376G01013</ISIN>
	<Scrip_Name>BIOCON LIMITED.</Scrip_Name>
	<NSE_Symbol>BIOCON</NSE_Symbol>
	<MWPL_Limit>45397423</MWPL_Limit>
	<Open_Interest>9377100</Open_Interest>
	<Limit_for_Next_Day></Limit_for_Next_Day>
</MWPL>
<MWPL>
	<Date>02-MAY-2018</Date>
	<ISIN>INE257A01026</ISIN>
	<Scrip_Name>BHEL</Scrip_Name>
	<NSE_Symbol>BHEL</NSE_Symbol>
	<MWPL_Limit>271244400</MWPL_Limit>
	<Open_Interest>49852500</Open_Interest>
	<Limit_for_Next_Day></Limit_for_Next_Day>
</MWPL>
<MWPL>
	<Date>02-MAY-2018</Date>
	<ISIN>INE423A01024</ISIN>
	<Scrip_Name>ADANI ENTERPRISES LIMITED</Scrip_Name>
	<NSE_Symbol>ADANIENT</NSE_Symbol>
	<MWPL_Limit>55169320</MWPL_Limit>
	<Open_Interest>19808000</Open_Interest>
	<Limit_for_Next_Day></Limit_for_Next_Day>
</MWPL>
<MWPL>
	<Date>02-MAY-2018</Date>
	<ISIN>INE001A01036</ISIN>
	<Scrip_Name>HDFC LTD</Scrip_Name>
	<NSE_Symbol>HDFC</NSE_Symbol>
	<MWPL_Limit>322310002</MWPL_Limit>
	<Open_Interest>21642000</Open_Interest>
	<Limit_for_Next_Day></Limit_for_Next_Day>
</MWPL>
<MWPL>
	<Date>02-MAY-2018</Date>
	<ISIN>INE031B01049</ISIN>
	<Scrip_Name>AJANTA PHARMA LIMITED</Scrip_Name>
	<NSE_Symbol>AJANTPHARM</NSE_Symbol>
	<MWPL_Limit>5155048</MWPL_Limit>
	<Open_Interest>905000</Open_Interest>
	<Limit_for_Next_Day></Limit_for_Next_Day>
</MWPL>
<MWPL>
	<Date>02-MAY-2018</Date>
	<ISIN>INE238A01034</ISIN>
	<Scrip_Name>AXIS BANK LIMITED</Scrip_Name>
	<NSE_Symbol>AXISBANK</NSE_Symbol>
	<MWPL_Limit>321528428</MWPL_Limit>
	<Open_Interest>73608000</Open_Interest>
	<Limit_for_Next_Day></Limit_for_Next_Day>
</MWPL>
<MWPL>
	<Date>02-MAY-2018</Date>
	<ISIN>INE599M01018</ISIN>
	<Scrip_Name>JUSTDIAL LTD.</Scrip_Name>
	<NSE_Symbol>JUSTDIAL</NSE_Symbol>
	<MWPL_Limit>8896412</MWPL_Limit>
	<Open_Interest>7378000</Open_Interest>
	<Limit_for_Next_Day></Limit_for_Next_Day>
</MWPL>
<MWPL>
	<Date>02-MAY-2018</Date>
	<ISIN>INE079A01024</ISIN>
	<Scrip_Name>AMBUJA CEMENTS LTD</Scrip_Name>
	<NSE_Symbol>AMBUJACEM</NSE_Symbol>
	<MWPL_Limit>143765477</MWPL_Limit>
	<Open_Interest>11052500</Open_Interest>
	<Limit_for_Next_Day></Limit_for_Next_Day>
</MWPL>
<MWPL>
	<Date>02-MAY-2018</Date>
	<ISIN>INE434A01013</ISIN>
	<Scrip_Name>ANDHRA BANK</Scrip_Name>
	<NSE_Symbol>ANDHRABANK</NSE_Symbol>
	<MWPL_Limit>52770642</MWPL_Limit>
	<Open_Interest>28493000</Open_Interest>
	<Limit_for_Next_Day></Limit_for_Next_Day>
</MWPL>
<MWPL>
	<Date>02-MAY-2018</Date>
	<ISIN>INE134E01011</ISIN>
	<Scrip_Name>POWER FIN CORP LTD.</Scrip_Name>
	<NSE_Symbol>PFC</NSE_Symbol>
	<MWPL_Limit>179973060</MWPL_Limit>
	<Open_Interest>92478000</Open_Interest>
	<Limit_for_Next_Day></Limit_for_Next_Day>
</MWPL>
<MWPL>
	<Date>02-MAY-2018</Date>
	<ISIN>INE233A01035</ISIN>
	<Scrip_Name>GODREJ INDUSTRIES LTD</Scrip_Name>
	<NSE_Symbol>GODREJIND</NSE_Symbol>
	<MWPL_Limit>16987252</MWPL_Limit>
	<Open_Interest>2836500</Open_Interest>
	<Limit_for_Next_Day></Limit_for_Next_Day>
</MWPL>
<MWPL>
	<Date>02-MAY-2018</Date>
	<ISIN>INE549A01026</ISIN>
	<Scrip_Name>HINDUSTAN CONSTRUCTION CO</Scrip_Name>
	<NSE_Symbol>HCC</NSE_Symbol>
	<MWPL_Limit>145937711</MWPL_Limit>
	<Open_Interest>47760000</Open_Interest>
	<Limit_for_Next_Day></Limit_for_Next_Day>
</MWPL>
<MWPL>
	<Date>02-MAY-2018</Date>
	<ISIN>INE885A01032</ISIN>
	<Scrip_Name>AMARA RAJA BATTERIES LTD.</Scrip_Name>
	<NSE_Symbol>AMARAJABAT</NSE_Symbol>
	<MWPL_Limit>16377009</MWPL_Limit>
	<Open_Interest>1563800</Open_Interest>
	<Limit_for_Next_Day></Limit_for_Next_Day>
</MWPL>
<MWPL>
	<Date>02-MAY-2018</Date>
	<ISIN>INE726G01019</ISIN>
	<Scrip_Name>ICICI PRU LIFE INS CO LTD</Scrip_Name>
	<NSE_Symbol>ICICIPRULI</NSE_Symbol>
	<MWPL_Limit>55379444</MWPL_Limit>
	<Open_Interest>6310200</Open_Interest>
	<Limit_for_Next_Day></Limit_for_Next_Day>
</MWPL>
<MWPL>
	<Date>02-MAY-2018</Date>
	<ISIN>INE203G01027</ISIN>
	<Scrip_Name>INDRAPRASTHA GAS LTD</Scrip_Name>
	<NSE_Symbol>IGL</NSE_Symbol>
	<MWPL_Limit>77000080</MWPL_Limit>
	<Open_Interest>7031750</Open_Interest>
	<Limit_for_Next_Day></Limit_for_Next_Day>
</MWPL>
<MWPL>
	<Date>02-MAY-2018</Date>
	<ISIN>INE175A01038</ISIN>
	<Scrip_Name>JAIN IRRIGATION SYSTEMS</Scrip_Name>
	<NSE_Symbol>JISLJALEQS</NSE_Symbol>
	<MWPL_Limit>63776328</MWPL_Limit>
	<Open_Interest>42930000</Open_Interest>
	<Limit_for_Next_Day></Limit_for_Next_Day>
</MWPL>
<MWPL>
	<Date>02-MAY-2018</Date>
	<ISIN>INE121A01016</ISIN>
	<Scrip_Name>CHOLAMANDALAM IN & FIN CO</Scrip_Name>
	<NSE_Symbol>CHOLAFIN</NSE_Symbol>
	<MWPL_Limit>14674970</MWPL_Limit>
	<Open_Interest>696500</Open_Interest>
	<Limit_for_Next_Day></Limit_for_Next_Day>
</MWPL>
<MWPL>
	<Date>02-MAY-2018</Date>
	<ISIN>INE383A01012</ISIN>
	<Scrip_Name>THE INDIA CEMENTS LIMITED</Scrip_Name>
	<NSE_Symbol>INDIACEM</NSE_Symbol>
	<MWPL_Limit>43899473</MWPL_Limit>
	<Open_Interest>30205000</Open_Interest>
	<Limit_for_Next_Day></Limit_for_Next_Day>
</MWPL>
<MWPL>
	<Date>02-MAY-2018</Date>
	<ISIN>INE872A01014</ISIN>
	<Scrip_Name>SREI INFRASTRUCTURE FINAN</Scrip_Name>
	<NSE_Symbol>SREINFRA</NSE_Symbol>
	<MWPL_Limit>39443554</MWPL_Limit>
	<Open_Interest>20347000</Open_Interest>
	<Limit_for_Next_Day></Limit_for_Next_Day>
</MWPL>
<MWPL>
	<Date>02-MAY-2018</Date>
	<ISIN>INE141A01014</ISIN>
	<Scrip_Name>ORIENTAL BANK OF COMMERCE</Scrip_Name>
	<NSE_Symbol>ORIENTBANK</NSE_Symbol>
	<MWPL_Limit>28817691</MWPL_Limit>
	<Open_Interest>17148000</Open_Interest>
	<Limit_for_Next_Day></Limit_for_Next_Day>
</MWPL>
<MWPL>
	<Date>02-MAY-2018</Date>
	<ISIN>INE683A01023</ISIN>
	<Scrip_Name>THE SOUTH INDIAN BANK LTD</Scrip_Name>
	<NSE_Symbol>SOUTHBANK</NSE_Symbol>
	<MWPL_Limit>361743466</MWPL_Limit>
	<Open_Interest>162755451</Open_Interest>
	<Limit_for_Next_Day></Limit_for_Next_Day>
</MWPL>
<MWPL>
	<Date>02-MAY-2018</Date>
	<ISIN>INE274J01014</ISIN>
	<Scrip_Name>OIL INDIA LTD</Scrip_Name>
	<NSE_Symbol>OIL</NSE_Symbol>
	<MWPL_Limit>76871115</MWPL_Limit>
	<Open_Interest>3082893</Open_Interest>
	<Limit_for_Next_Day></Limit_for_Next_Day>
</MWPL>
<MWPL>
	<Date>02-MAY-2018</Date>
	<ISIN>INE476A01014</ISIN>
	<Scrip_Name>CANARA BANK</Scrip_Name>
	<NSE_Symbol>CANBK</NSE_Symbol>
	<MWPL_Limit>40260000</MWPL_Limit>
	<Open_Interest>13074400</Open_Interest>
	<Limit_for_Next_Day></Limit_for_Next_Day>
</MWPL>
<MWPL>
	<Date>02-MAY-2018</Date>
	<ISIN>INE155A01022</ISIN>
	<Scrip_Name>TATA MOTORS LIMITED</Scrip_Name>
	<NSE_Symbol>TATAMOTORS</NSE_Symbol>
	<MWPL_Limit>367417782</MWPL_Limit>
	<Open_Interest>96565500</Open_Interest>
	<Limit_for_Next_Day></Limit_for_Next_Day>
</MWPL>
<MWPL>
	<Date>02-MAY-2018</Date>
	<ISIN>INE397D01024</ISIN>
	<Scrip_Name>BHARTI AIRTEL LIMITED</Scrip_Name>
	<NSE_Symbol>BHARTIARTL</NSE_Symbol>
	<MWPL_Limit>262379901</MWPL_Limit>
	<Open_Interest>62866000</Open_Interest>
	<Limit_for_Next_Day></Limit_for_Next_Day>
</MWPL>
<MWPL>
	<Date>02-MAY-2018</Date>
	<ISIN>INE029A01011</ISIN>
	<Scrip_Name>BHARAT PETROLEUM CORP  LT</Scrip_Name>
	<NSE_Symbol>BPCL</NSE_Symbol>
	<MWPL_Limit>198231545</MWPL_Limit>
	<Open_Interest>19956600</Open_Interest>
	<Limit_for_Next_Day></Limit_for_Next_Day>
</MWPL>
<MWPL>
	<Date>02-MAY-2018</Date>
	<ISIN>INE585B01010</ISIN>
	<Scrip_Name>MARUTI SUZUKI INDIA LTD.</Scrip_Name>
	<NSE_Symbol>MARUTI</NSE_Symbol>
	<MWPL_Limit>26458324</MWPL_Limit>
	<Open_Interest>5043675</Open_Interest>
	<Limit_for_Next_Day></Limit_for_Next_Day>
</MWPL>
<MWPL>
	<Date>02-MAY-2018</Date>
	<ISIN>INE463A01038</ISIN>
	<Scrip_Name>BERGER PAINTS (I) LTD</Scrip_Name>
	<NSE_Symbol>BERGEPAINT</NSE_Symbol>
	<MWPL_Limit>48577345</MWPL_Limit>
	<Open_Interest>2142800</Open_Interest>
	<Limit_for_Next_Day></Limit_for_Next_Day>
</MWPL>
<MWPL>
	<Date>02-MAY-2018</Date>
	<ISIN>INE226A01021</ISIN>
	<Scrip_Name>VOLTAS LTD</Scrip_Name>
	<NSE_Symbol>VOLTAS</NSE_Symbol>
	<MWPL_Limit>46126252</MWPL_Limit>
	<Open_Interest>4547000</Open_Interest>
	<Limit_for_Next_Day></Limit_for_Next_Day>
</MWPL>
<MWPL>
	<Date>02-MAY-2018</Date>
	<ISIN>INE059A01026</ISIN>
	<Scrip_Name>CIPLA LTD</Scrip_Name>
	<NSE_Symbol>CIPLA</NSE_Symbol>
	<MWPL_Limit>99727414</MWPL_Limit>
	<Open_Interest>8773000</Open_Interest>
	<Limit_for_Next_Day></Limit_for_Next_Day>
</MWPL>
<MWPL>
	<Date>02-MAY-2018</Date>
	<ISIN>INE062A01020</ISIN>
	<Scrip_Name>STATE BANK OF INDIA</Scrip_Name>
	<NSE_Symbol>SBIN</NSE_Symbol>
	<MWPL_Limit>723869981</MWPL_Limit>
	<Open_Interest>120699000</Open_Interest>
	<Limit_for_Next_Day></Limit_for_Next_Day>
</MWPL>
<MWPL>
	<Date>02-MAY-2018</Date>
	<ISIN>INE019A01038</ISIN>
	<Scrip_Name>JSW STEEL LIMITED</Scrip_Name>
	<NSE_Symbol>JSWSTEEL</NSE_Symbol>
	<MWPL_Limit>279415160</MWPL_Limit>
	<Open_Interest>69057000</Open_Interest>
	<Limit_for_Next_Day></Limit_for_Next_Day>
</MWPL>
<MWPL>
	<Date>02-MAY-2018</Date>
	<ISIN>INE785M01013</ISIN>
	<Scrip_Name>PC JEWELLER LTD</Scrip_Name>
	<NSE_Symbol>PCJEWELLER</NSE_Symbol>
	<MWPL_Limit>31356980</MWPL_Limit>
	<Open_Interest>35679000</Open_Interest>
	<Limit_for_Next_Day></Limit_for_Next_Day>
</MWPL>
<MWPL>
	<Date>02-MAY-2018</Date>
	<ISIN>INE018I01017</ISIN>
	<Scrip_Name>MINDTREE LIMITED</Scrip_Name>
	<NSE_Symbol>MINDTREE</NSE_Symbol>
	<MWPL_Limit>28376145</MWPL_Limit>
	<Open_Interest>4987200</Open_Interest>
	<Limit_for_Next_Day></Limit_for_Next_Day>
</MWPL>
<MWPL>
	<Date>02-MAY-2018</Date>
	<ISIN>INE111A01017</ISIN>
	<Scrip_Name>CONTAINER CORP OF IND LTD</Scrip_Name>
	<NSE_Symbol>CONCOR</NSE_Symbol>
	<MWPL_Limit>22032749</MWPL_Limit>
	<Open_Interest>1425000</Open_Interest>
	<Limit_for_Next_Day></Limit_for_Next_Day>
</MWPL>
<MWPL>
	<Date>02-MAY-2018</Date>
	<ISIN>INE028A01039</ISIN>
	<Scrip_Name>BANK OF BARODA</Scrip_Name>
	<NSE_Symbol>BANKBARODA</NSE_Symbol>
	<MWPL_Limit>190333797</MWPL_Limit>
	<Open_Interest>59564000</Open_Interest>
	<Limit_for_Next_Day></Limit_for_Next_Day>
</MWPL>
<MWPL>
	<Date>02-MAY-2018</Date>
	<ISIN>INE802G01018</ISIN>
	<Scrip_Name>JET AIRWAYS (INDIA) LTD.</Scrip_Name>
	<NSE_Symbol>JETAIRWAYS</NSE_Symbol>
	<MWPL_Limit>11132543</MWPL_Limit>
	<Open_Interest>9679200</Open_Interest>
	<Limit_for_Next_Day></Limit_for_Next_Day>
</MWPL>
<MWPL>
	<Date>02-MAY-2018</Date>
	<ISIN>INE334L01012</ISIN>
	<Scrip_Name>UJJIVAN FIN. SERVC. LTD.</Scrip_Name>
	<NSE_Symbol>UJJIVAN</NSE_Symbol>
	<MWPL_Limit>24172356</MWPL_Limit>
	<Open_Interest>6920000</Open_Interest>
	<Limit_for_Next_Day></Limit_for_Next_Day>
</MWPL>
<MWPL>
	<Date>02-MAY-2018</Date>
	<ISIN>INE347G01014</ISIN>
	<Scrip_Name>PETRONET LNG LIMITED</Scrip_Name>
	<NSE_Symbol>PETRONET</NSE_Symbol>
	<MWPL_Limit>150000017</MWPL_Limit>
	<Open_Interest>22293000</Open_Interest>
	<Limit_for_Next_Day></Limit_for_Next_Day>
</MWPL>
<MWPL>
	<Date>02-MAY-2018</Date>
	<ISIN>INE103A01014</ISIN>
	<Scrip_Name>MRPL</Scrip_Name>
	<NSE_Symbol>MRPL</NSE_Symbol>
	<MWPL_Limit>40018232</MWPL_Limit>
	<Open_Interest>6160500</Open_Interest>
	<Limit_for_Next_Day></Limit_for_Next_Day>
</MWPL>
<MWPL>
	<Date>02-MAY-2018</Date>
	<ISIN>INE180A01020</ISIN>
	<Scrip_Name>MAX FINANCIAL SERV LTD</Scrip_Name>
	<NSE_Symbol>MFSL</NSE_Symbol>
	<MWPL_Limit>37416257</MWPL_Limit>
	<Open_Interest>2623000</Open_Interest>
	<Limit_for_Next_Day></Limit_for_Next_Day>
</MWPL>
<MWPL>
	<Date>02-MAY-2018</Date>
	<ISIN>INE988K01017</ISIN>
	<Scrip_Name>EQUITAS HOLDINGS LIMITED</Scrip_Name>
	<NSE_Symbol>EQUITAS</NSE_Symbol>
	<MWPL_Limit>68085995</MWPL_Limit>
	<Open_Interest>22825600</Open_Interest>
	<Limit_for_Next_Day></Limit_for_Next_Day>
</MWPL>
<MWPL>
	<Date>02-MAY-2018</Date>
	<ISIN>INE745G01035</ISIN>
	<Scrip_Name>MULTI COMMODITY EXCHANGE</Scrip_Name>
	<NSE_Symbol>MCX</NSE_Symbol>
	<MWPL_Limit>10173586</MWPL_Limit>
	<Open_Interest>4097500</Open_Interest>
	<Limit_for_Next_Day></Limit_for_Next_Day>
</MWPL>
<MWPL>
	<Date>02-MAY-2018</Date>
	<ISIN>INE498L01015</ISIN>
	<Scrip_Name>L&T FINANCE HOLDINGS LTD</Scrip_Name>
	<NSE_Symbol>L&TFH</NSE_Symbol>
	<MWPL_Limit>130867153</MWPL_Limit>
	<Open_Interest>40743000</Open_Interest>
	<Limit_for_Next_Day></Limit_for_Next_Day>
</MWPL>
<MWPL>
	<Date>02-MAY-2018</Date>
	<ISIN>INE092T01019</ISIN>
	<Scrip_Name>IDFC BANK LIMITED</Scrip_Name>
	<NSE_Symbol>IDFCBANK</NSE_Symbol>
	<MWPL_Limit>321318880</MWPL_Limit>
	<Open_Interest>224773000</Open_Interest>
	<Limit_for_Next_Day></Limit_for_Next_Day>
</MWPL>
<MWPL>
	<Date>02-MAY-2018</Date>
	<ISIN>INE089A01023</ISIN>
	<Scrip_Name>DR. REDDY'S LABORATORIES</Scrip_Name>
	<NSE_Symbol>DRREDDY</NSE_Symbol>
	<MWPL_Limit>24302415</MWPL_Limit>
	<Open_Interest>4936500</Open_Interest>
	<Limit_for_Next_Day></Limit_for_Next_Day>
</MWPL>
<MWPL>
	<Date>02-MAY-2018</Date>
	<ISIN>INE774D01024</ISIN>
	<Scrip_Name>M&M FIN. SERVICES LTD</Scrip_Name>
	<NSE_Symbol>M&MFIN</NSE_Symbol>
	<MWPL_Limit>59653861</MWPL_Limit>
	<Open_Interest>9191250</Open_Interest>
	<Limit_for_Next_Day></Limit_for_Next_Day>
</MWPL>
<MWPL>
	<Date>02-MAY-2018</Date>
	<ISIN>INE670A01012</ISIN>
	<Scrip_Name>TATA ELXSI LIMITED</Scrip_Name>
	<NSE_Symbol>TATAELXSI</NSE_Symbol>
	<MWPL_Limit>6904235</MWPL_Limit>
	<Open_Interest>2621600</Open_Interest>
	<Limit_for_Next_Day></Limit_for_Next_Day>
</MWPL>
<MWPL>
	<Date>02-MAY-2018</Date>
	<ISIN>INE939A01011</ISIN>
	<Scrip_Name>STRIDES SHASUN LIMITED</Scrip_Name>
	<NSE_Symbol>STAR</NSE_Symbol>
	<MWPL_Limit>12286330</MWPL_Limit>
	<Open_Interest>2145000</Open_Interest>
	<Limit_for_Next_Day></Limit_for_Next_Day>
</MWPL>
<MWPL>
	<Date>02-MAY-2018</Date>
	<ISIN>INE176B01034</ISIN>
	<Scrip_Name>HAVELLS INDIA LIMITED</Scrip_Name>
	<NSE_Symbol>HAVELLS</NSE_Symbol>
	<MWPL_Limit>50452729</MWPL_Limit>
	<Open_Interest>7623000</Open_Interest>
	<Limit_for_Next_Day></Limit_for_Next_Day>
</MWPL>
<MWPL>
	<Date>02-MAY-2018</Date>
	<ISIN>INE481G01011</ISIN>
	<Scrip_Name>ULTRATECH CEMENT LIMITED</Scrip_Name>
	<NSE_Symbol>ULTRACEMCO</NSE_Symbol>
	<MWPL_Limit>20882043</MWPL_Limit>
	<Open_Interest>1978800</Open_Interest>
	<Limit_for_Next_Day></Limit_for_Next_Day>
</MWPL>
<MWPL>
	<Date>02-MAY-2018</Date>
	<ISIN>INE455I01029</ISIN>
	<Scrip_Name>KAVERI SEED CO. LTD.</Scrip_Name>
	<NSE_Symbol>KSCL</NSE_Symbol>
	<MWPL_Limit>5976433</MWPL_Limit>
	<Open_Interest>2475000</Open_Interest>
	<Limit_for_Next_Day></Limit_for_Next_Day>
</MWPL>
<MWPL>
	<Date>02-MAY-2018</Date>
	<ISIN>INE039A01010</ISIN>
	<Scrip_Name>IFCI LTD</Scrip_Name>
	<NSE_Symbol>IFCI</NSE_Symbol>
	<MWPL_Limit>147807447</MWPL_Limit>
	<Open_Interest>88638000</Open_Interest>
	<Limit_for_Next_Day></Limit_for_Next_Day>
</MWPL>
<MWPL>
	<Date>02-MAY-2018</Date>
	<ISIN>INE437A01024</ISIN>
	<Scrip_Name>APOLLO HOSPITALS ENTER. L</Scrip_Name>
	<NSE_Symbol>APOLLOHOSP</NSE_Symbol>
	<MWPL_Limit>18256536</MWPL_Limit>
	<Open_Interest>784500</Open_Interest>
	<Limit_for_Next_Day></Limit_for_Next_Day>
</MWPL>
<MWPL>
	<Date>02-MAY-2018</Date>
	<ISIN>INE848E01016</ISIN>
	<Scrip_Name>NHPC LTD</Scrip_Name>
	<NSE_Symbol>NHPC</NSE_Symbol>
	<MWPL_Limit>534367887</MWPL_Limit>
	<Open_Interest>43929000</Open_Interest>
	<Limit_for_Next_Day></Limit_for_Next_Day>
</MWPL>
<MWPL>
	<Date>02-MAY-2018</Date>
	<ISIN>INE761H01022</ISIN>
	<Scrip_Name>PAGE INDUSTRIES LTD</Scrip_Name>
	<NSE_Symbol>PAGEIND</NSE_Symbol>
	<MWPL_Limit>1137517</MWPL_Limit>
	<Open_Interest>52425</Open_Interest>
	<Limit_for_Next_Day></Limit_for_Next_Day>
</MWPL>
<MWPL>
	<Date>02-MAY-2018</Date>
	<ISIN>INE331A01037</ISIN>
	<Scrip_Name>THE RAMCO CEMENTS LIMITED</Scrip_Name>
	<NSE_Symbol>RAMCOCEM</NSE_Symbol>
	<MWPL_Limit>26974244</MWPL_Limit>
	<Open_Interest>1328000</Open_Interest>
	<Limit_for_Next_Day></Limit_for_Next_Day>
</MWPL>
<MWPL>
	<Date>02-MAY-2018</Date>
	<ISIN>INE002A01018</ISIN>
	<Scrip_Name>RELIANCE INDUSTRIES LTD</Scrip_Name>
	<NSE_Symbol>RELIANCE</NSE_Symbol>
	<MWPL_Limit>648225774</MWPL_Limit>
	<Open_Interest>71998000</Open_Interest>
	<Limit_for_Next_Day></Limit_for_Next_Day>
</MWPL>
<MWPL>
	<Date>02-MAY-2018</Date>
	<ISIN>INE860A01027</ISIN>
	<Scrip_Name>HCL TECHNOLOGIES LTD</Scrip_Name>
	<NSE_Symbol>HCLTECH</NSE_Symbol>
	<MWPL_Limit>110873154</MWPL_Limit>
	<Open_Interest>15680000</Open_Interest>
	<Limit_for_Next_Day></Limit_for_Next_Day>
</MWPL>
<MWPL>
	<Date>02-MAY-2018</Date>
	<ISIN>INE101A01026</ISIN>
	<Scrip_Name>MAHINDRA & MAHINDRA LTD</Scrip_Name>
	<NSE_Symbol>M&M</NSE_Symbol>
	<MWPL_Limit>171882735</MWPL_Limit>
	<Open_Interest>15918000</Open_Interest>
	<Limit_for_Next_Day></Limit_for_Next_Day>
</MWPL>
<MWPL>
	<Date>02-MAY-2018</Date>
	<ISIN>INE482A01020</ISIN>
	<Scrip_Name>CEAT LIMITED</Scrip_Name>
	<NSE_Symbol>CEATLTD</NSE_Symbol>
	<MWPL_Limit>3983269</MWPL_Limit>
	<Open_Interest>2224600</Open_Interest>
	<Limit_for_Next_Day></Limit_for_Next_Day>
</MWPL>
<MWPL>
	<Date>02-MAY-2018</Date>
	<ISIN>INE055A01016</ISIN>
	<Scrip_Name>CENTURY TEXTILES LTD</Scrip_Name>
	<NSE_Symbol>CENTURYTEX</NSE_Symbol>
	<MWPL_Limit>11123542</MWPL_Limit>
	<Open_Interest>7990950</Open_Interest>
	<Limit_for_Next_Day></Limit_for_Next_Day>
</MWPL>
<MWPL>
	<Date>02-MAY-2018</Date>
	<ISIN>INE090A01021</ISIN>
	<Scrip_Name>ICICI BANK LTD.</Scrip_Name>
	<NSE_Symbol>ICICIBANK</NSE_Symbol>
	<MWPL_Limit>974854856</MWPL_Limit>
	<Open_Interest>109263000</Open_Interest>
	<Limit_for_Next_Day></Limit_for_Next_Day>
</MWPL>
<MWPL>
	<Date>02-MAY-2018</Date>
	<ISIN>INE114A01011</ISIN>
	<Scrip_Name>STEEL AUTHORITY OF INDIA</Scrip_Name>
	<NSE_Symbol>SAIL</NSE_Symbol>
	<MWPL_Limit>206528041</MWPL_Limit>
	<Open_Interest>122292000</Open_Interest>
	<Limit_for_Next_Day></Limit_for_Next_Day>
</MWPL>
<MWPL>
	<Date>02-MAY-2018</Date>
	<ISIN>INE467B01029</ISIN>
	<Scrip_Name>TATA CONSULTANCY SERV LT</Scrip_Name>
	<NSE_Symbol>TCS</NSE_Symbol>
	<MWPL_Limit>107522754</MWPL_Limit>
	<Open_Interest>9694750</Open_Interest>
	<Limit_for_Next_Day></Limit_for_Next_Day>
</MWPL>
<MWPL>
	<Date>02-MAY-2018</Date>
	<ISIN>INE038A01020</ISIN>
	<Scrip_Name>HINDALCO  INDUSTRIES  LTD</Scrip_Name>
	<NSE_Symbol>HINDALCO</NSE_Symbol>
	<MWPL_Limit>293324681</MWPL_Limit>
	<Open_Interest>64036000</Open_Interest>
	<Limit_for_Next_Day></Limit_for_Next_Day>
</MWPL>
<MWPL>
	<Date>02-MAY-2018</Date>
	<ISIN>INE044A01036</ISIN>
	<Scrip_Name>SUN PHARMACEUTICAL IND L</Scrip_Name>
	<NSE_Symbol>SUNPHARMA</NSE_Symbol>
	<MWPL_Limit>218893559</MWPL_Limit>
	<Open_Interest>64541400</Open_Interest>
	<Limit_for_Next_Day></Limit_for_Next_Day>
</MWPL>
<MWPL>
	<Date>02-MAY-2018</Date>
	<ISIN>INE797F01012</ISIN>
	<Scrip_Name>JUBILANT FOODWORKS LTD</Scrip_Name>
	<NSE_Symbol>JUBLFOOD</NSE_Symbol>
	<MWPL_Limit>7220449</MWPL_Limit>
	<Open_Interest>3426000</Open_Interest>
	<Limit_for_Next_Day></Limit_for_Next_Day>
</MWPL>
<MWPL>
	<Date>02-MAY-2018</Date>
	<ISIN>INE628A01036</ISIN>
	<Scrip_Name>UPL LIMITED</Scrip_Name>
	<NSE_Symbol>UPL</NSE_Symbol>
	<MWPL_Limit>73595637</MWPL_Limit>
	<Open_Interest>14372400</Open_Interest>
	<Limit_for_Next_Day></Limit_for_Next_Day>
</MWPL>
<MWPL>
	<Date>02-MAY-2018</Date>
	<ISIN>INE836A01035</ISIN>
	<Scrip_Name>KPIT TECHNOLOGIES LTD</Scrip_Name>
	<NSE_Symbol>KPIT</NSE_Symbol>
	<MWPL_Limit>30424585</MWPL_Limit>
	<Open_Interest>10908000</Open_Interest>
	<Limit_for_Next_Day></Limit_for_Next_Day>
</MWPL>
<MWPL>
	<Date>02-MAY-2018</Date>
	<ISIN>INE263A01024</ISIN>
	<Scrip_Name>BHARAT ELECTRONICS LTD</Scrip_Name>
	<NSE_Symbol>BEL</NSE_Symbol>
	<MWPL_Limit>161843603</MWPL_Limit>
	<Open_Interest>39654450</Open_Interest>
	<Limit_for_Next_Day></Limit_for_Next_Day>
</MWPL>
<MWPL>
	<Date>02-MAY-2018</Date>
	<ISIN>INE258A01016</ISIN>
	<Scrip_Name>BEML LIMITED</Scrip_Name>
	<NSE_Symbol>BEML</NSE_Symbol>
	<MWPL_Limit>3828900</MWPL_Limit>
	<Open_Interest>2421000</Open_Interest>
	<Limit_for_Next_Day></Limit_for_Next_Day>
</MWPL>
<MWPL>
	<Date>02-MAY-2018</Date>
	<ISIN>INE095N01031</ISIN>
	<Scrip_Name>NBCC (INDIA) LIMITED</Scrip_Name>
	<NSE_Symbol>NBCC</NSE_Symbol>
	<MWPL_Limit>91788934</MWPL_Limit>
	<Open_Interest>21690000</Open_Interest>
	<Limit_for_Next_Day></Limit_for_Next_Day>
</MWPL>
<MWPL>
	<Date>02-MAY-2018</Date>
	<ISIN>INE121J01017</ISIN>
	<Scrip_Name>BHARTI INFRATEL LTD.</Scrip_Name>
	<NSE_Symbol>INFRATEL</NSE_Symbol>
	<MWPL_Limit>171813031</MWPL_Limit>
	<Open_Interest>9188500</Open_Interest>
	<Limit_for_Next_Day></Limit_for_Next_Day>
</MWPL>
<MWPL>
	<Date>02-MAY-2018</Date>
	<ISIN>INE414G01012</ISIN>
	<Scrip_Name>MUTHOOT FINANCE LIMITED</Scrip_Name>
	<NSE_Symbol>MUTHOOTFIN</NSE_Symbol>
	<MWPL_Limit>21115473</MWPL_Limit>
	<Open_Interest>1626000</Open_Interest>
	<Limit_for_Next_Day></Limit_for_Next_Day>
</MWPL>
<MWPL>
	<Date>02-MAY-2018</Date>
	<ISIN>INE002S01010</ISIN>
	<Scrip_Name>MAHANAGAR GAS LTD.</Scrip_Name>
	<NSE_Symbol>MGL</NSE_Symbol>
	<MWPL_Limit>6914463</MWPL_Limit>
	<Open_Interest>3564000</Open_Interest>
	<Limit_for_Next_Day></Limit_for_Next_Day>
</MWPL>
<MWPL>
	<Date>02-MAY-2018</Date>
	<ISIN>INE070A01015</ISIN>
	<Scrip_Name>SHREE CEMENT LIMITED</Scrip_Name>
	<NSE_Symbol>SHREECEM</NSE_Symbol>
	<MWPL_Limit>2453485</MWPL_Limit>
	<Open_Interest>79550</Open_Interest>
	<Limit_for_Next_Day></Limit_for_Next_Day>
</MWPL>
<MWPL>
	<Date>02-MAY-2018</Date>
	<ISIN>INE685A01028</ISIN>
	<Scrip_Name>TORRENT PHARMACEUTICALS L</Scrip_Name>
	<NSE_Symbol>TORNTPHARM</NSE_Symbol>
	<MWPL_Limit>9731600</MWPL_Limit>
	<Open_Interest>482500</Open_Interest>
	<Limit_for_Next_Day></Limit_for_Next_Day>
</MWPL>
<MWPL>
	<Date>02-MAY-2018</Date>
	<ISIN>INE160A01022</ISIN>
	<Scrip_Name>PUNJAB NATIONAL BANK</Scrip_Name>
	<NSE_Symbol>PNB</NSE_Symbol>
	<MWPL_Limit>208425616</MWPL_Limit>
	<Open_Interest>84850000</Open_Interest>
	<Limit_for_Next_Day></Limit_for_Next_Day>
</MWPL>
<MWPL>
	<Date>02-MAY-2018</Date>
	<ISIN>INE256A01028</ISIN>
	<Scrip_Name>ZEE ENTERTAINMENT ENT LTD</Scrip_Name>
	<NSE_Symbol>ZEEL</NSE_Symbol>
	<MWPL_Limit>112138681</MWPL_Limit>
	<Open_Interest>9765600</Open_Interest>
	<Limit_for_Next_Day></Limit_for_Next_Day>
</MWPL>
<MWPL>
	<Date>02-MAY-2018</Date>
	<ISIN>INE494B01023</ISIN>
	<Scrip_Name>TVS MOTOR COMPANY  LTD</Scrip_Name>
	<NSE_Symbol>TVSMOTOR</NSE_Symbol>
	<MWPL_Limit>40480865</MWPL_Limit>
	<Open_Interest>5754000</Open_Interest>
	<Limit_for_Next_Day></Limit_for_Next_Day>
</MWPL>
<MWPL>
	<Date>02-MAY-2018</Date>
	<ISIN>INE669C01036</ISIN>
	<Scrip_Name>TECH MAHINDRA LIMITED</Scrip_Name>
	<NSE_Symbol>TECHM</NSE_Symbol>
	<MWPL_Limit>125324752</MWPL_Limit>
	<Open_Interest>15346800</Open_Interest>
	<Limit_for_Next_Day></Limit_for_Next_Day>
</MWPL>
<MWPL>
	<Date>02-MAY-2018</Date>
	<ISIN>INE614B01018</ISIN>
	<Scrip_Name>KARNATAKA BANK LIMITED</Scrip_Name>
	<NSE_Symbol>KTKBANK</NSE_Symbol>
	<MWPL_Limit>56521537</MWPL_Limit>
	<Open_Interest>28812300</Open_Interest>
	<Limit_for_Next_Day></Limit_for_Next_Day>
</MWPL>
<MWPL>
	<Date>02-MAY-2018</Date>
	<ISIN>INE821I01014</ISIN>
	<Scrip_Name>IRB INFRA DEV LTD.</Scrip_Name>
	<NSE_Symbol>IRB</NSE_Symbol>
	<MWPL_Limit>29963877</MWPL_Limit>
	<Open_Interest>29542500</Open_Interest>
	<Limit_for_Next_Day></Limit_for_Next_Day>
</MWPL>
<MWPL>
	<Date>02-MAY-2018</Date>
	<ISIN>INE196A01026</ISIN>
	<Scrip_Name>MARICO LIMITED</Scrip_Name>
	<NSE_Symbol>MARICO</NSE_Symbol>
	<MWPL_Limit>103640537</MWPL_Limit>
	<Open_Interest>9204000</Open_Interest>
	<Limit_for_Next_Day></Limit_for_Next_Day>
</MWPL>
<MWPL>
	<Date>02-MAY-2018</Date>
	<ISIN>INE047A01021</ISIN>
	<Scrip_Name>GRASIM INDUSTRIES LTD</Scrip_Name>
	<NSE_Symbol>GRASIM</NSE_Symbol>
	<MWPL_Limit>78753115</MWPL_Limit>
	<Open_Interest>7086000</Open_Interest>
	<Limit_for_Next_Day></Limit_for_Next_Day>
</MWPL>
<MWPL>
	<Date>02-MAY-2018</Date>
	<ISIN>INE428A01015</ISIN>
	<Scrip_Name>ALLAHABAD BANK</Scrip_Name>
	<NSE_Symbol>ALBK</NSE_Symbol>
	<MWPL_Limit>50696289</MWPL_Limit>
	<Open_Interest>17190000</Open_Interest>
	<Limit_for_Next_Day></Limit_for_Next_Day>
</MWPL>
<MWPL>
	<Date>02-MAY-2018</Date>
	<ISIN>INE042A01014</ISIN>
	<Scrip_Name>ESCORTS INDIA LTD</Scrip_Name>
	<NSE_Symbol>ESCORTS</NSE_Symbol>
	<MWPL_Limit>14692848</MWPL_Limit>
	<Open_Interest>4589200</Open_Interest>
	<Limit_for_Next_Day></Limit_for_Next_Day>
</MWPL>
<MWPL>
	<Date>02-MAY-2018</Date>
	<ISIN>INE813H01021</ISIN>
	<Scrip_Name>TORRENT POWER LTD</Scrip_Name>
	<NSE_Symbol>TORNTPOWER</NSE_Symbol>
	<MWPL_Limit>44634693</MWPL_Limit>
	<Open_Interest>4839000</Open_Interest>
	<Limit_for_Next_Day></Limit_for_Next_Day>
</MWPL>
<MWPL>
	<Date>02-MAY-2018</Date>
	<ISIN>INE477A01020</ISIN>
	<Scrip_Name>CAN FIN HOMES LTD</Scrip_Name>
	<NSE_Symbol>CANFINHOME</NSE_Symbol>
	<MWPL_Limit>18644752</MWPL_Limit>
	<Open_Interest>7536250</Open_Interest>
	<Limit_for_Next_Day></Limit_for_Next_Day>
</MWPL>
<MWPL>
	<Date>02-MAY-2018</Date>
	<ISIN>INE439L01019</ISIN>
	<Scrip_Name>DALMIA BHARAT LIMITED</Scrip_Name>
	<NSE_Symbol>DALMIABHA</NSE_Symbol>
	<MWPL_Limit>6976232</MWPL_Limit>
	<Open_Interest>686700</Open_Interest>
	<Limit_for_Next_Day></Limit_for_Next_Day>
</MWPL>
<MWPL>
	<Date>02-MAY-2018</Date>
	<ISIN>INE239A01016</ISIN>
	<Scrip_Name>NESTLE INDIA LIMITED</Scrip_Name>
	<NSE_Symbol>NESTLEIND</NSE_Symbol>
	<MWPL_Limit>7180127</MWPL_Limit>
	<Open_Interest>301800</Open_Interest>
	<Limit_for_Next_Day></Limit_for_Next_Day>
</MWPL>
<MWPL>
	<Date>02-MAY-2018</Date>
	<ISIN>INE976G01028</ISIN>
	<Scrip_Name>RBL BANK LIMITED</Scrip_Name>
	<NSE_Symbol>RBLBANK</NSE_Symbol>
	<MWPL_Limit>77409238</MWPL_Limit>
	<Open_Interest>6012000</Open_Interest>
	<Limit_for_Next_Day></Limit_for_Next_Day>
</MWPL>
<MWPL>
	<Date>02-MAY-2018</Date>
	<ISIN>INE455F01025</ISIN>
	<Scrip_Name>JAIPRAKASH ASSOCIATES LTD</Scrip_Name>
	<NSE_Symbol>JPASSOCIAT</NSE_Symbol>
	<MWPL_Limit>296396127</MWPL_Limit>
	<Open_Interest>258094000</Open_Interest>
	<Limit_for_Next_Day></Limit_for_Next_Day>
</MWPL>
<MWPL>
	<Date>02-MAY-2018</Date>
	<ISIN>INE667A01018</ISIN>
	<Scrip_Name>SYNDICATE BANK</Scrip_Name>
	<NSE_Symbol>SYNDIBANK</NSE_Symbol>
	<MWPL_Limit>76346533</MWPL_Limit>
	<Open_Interest>35541000</Open_Interest>
	<Limit_for_Next_Day></Limit_for_Next_Day>
</MWPL>
<MWPL>
	<Date>02-MAY-2018</Date>
	<ISIN>INE081A01012</ISIN>
	<Scrip_Name>TATA STEEL LIMITED</Scrip_Name>
	<NSE_Symbol>TATASTEEL</NSE_Symbol>
	<MWPL_Limit>160852973</MWPL_Limit>
	<Open_Interest>29115962</Open_Interest>
	<Limit_for_Next_Day></Limit_for_Next_Day>
</MWPL>
<MWPL>
	<Date>02-MAY-2018</Date>
	<ISIN>INE646L01027</ISIN>
	<Scrip_Name>INTERGLOBE AVIATION LTD</Scrip_Name>
	<NSE_Symbol>INDIGO</NSE_Symbol>
	<MWPL_Limit>19270843</MWPL_Limit>
	<Open_Interest>4352400</Open_Interest>
	<Limit_for_Next_Day></Limit_for_Next_Day>
</MWPL>
<MWPL>
	<Date>02-MAY-2018</Date>
	<ISIN>INE528G01027</ISIN>
	<Scrip_Name>YES BANK LIMITED</Scrip_Name>
	<NSE_Symbol>YESBANK</NSE_Symbol>
	<MWPL_Limit>368450999</MWPL_Limit>
	<Open_Interest>79891000</Open_Interest>
	<Limit_for_Next_Day></Limit_for_Next_Day>
</MWPL>
<MWPL>
	<Date>02-MAY-2018</Date>
	<ISIN>INE009A01021</ISIN>
	<Scrip_Name>INFOSYS LIMITED</Scrip_Name>
	<NSE_Symbol>INFY</NSE_Symbol>
	<MWPL_Limit>378321882</MWPL_Limit>
	<Open_Interest>47363400</Open_Interest>
	<Limit_for_Next_Day></Limit_for_Next_Day>
</MWPL>
<MWPL>
	<Date>02-MAY-2018</Date>
	<ISIN>INE245A01021</ISIN>
	<Scrip_Name>TATA POWER CO LTD</Scrip_Name>
	<NSE_Symbol>TATAPOWER</NSE_Symbol>
	<MWPL_Limit>362314608</MWPL_Limit>
	<Open_Interest>61803000</Open_Interest>
	<Limit_for_Next_Day></Limit_for_Next_Day>
</MWPL>
<MWPL>
	<Date>02-MAY-2018</Date>
	<ISIN>INE259A01022</ISIN>
	<Scrip_Name>COLGATE PALMOLIVE LTD.</Scrip_Name>
	<NSE_Symbol>COLPAL</NSE_Symbol>
	<MWPL_Limit>26654592</MWPL_Limit>
	<Open_Interest>1551900</Open_Interest>
	<Limit_for_Next_Day></Limit_for_Next_Day>
</MWPL>
<MWPL>
	<Date>02-MAY-2018</Date>
	<ISIN>INE021A01026</ISIN>
	<Scrip_Name>ASIAN PAINTS LIMITED</Scrip_Name>
	<NSE_Symbol>ASIANPAINT</NSE_Symbol>
	<MWPL_Limit>90562661</MWPL_Limit>
	<Open_Interest>5212800</Open_Interest>
	<Limit_for_Next_Day></Limit_for_Next_Day>
</MWPL>
<MWPL>
	<Date>02-MAY-2018</Date>
	<ISIN>INE013A01015</ISIN>
	<Scrip_Name>RELIANCE CAPITAL LTD</Scrip_Name>
	<NSE_Symbol>RELCAPITAL</NSE_Symbol>
	<MWPL_Limit>23712733</MWPL_Limit>
	<Open_Interest>15415500</Open_Interest>
	<Limit_for_Next_Day></Limit_for_Next_Day>
</MWPL>
<MWPL>
	<Date>02-MAY-2018</Date>
	<ISIN>INE522F01014</ISIN>
	<Scrip_Name>COAL INDIA LTD</Scrip_Name>
	<NSE_Symbol>COALINDIA</NSE_Symbol>
	<MWPL_Limit>266347492</MWPL_Limit>
	<Open_Interest>21076000</Open_Interest>
	<Limit_for_Next_Day></Limit_for_Next_Day>
</MWPL>
<MWPL>
	<Date>02-MAY-2018</Date>
	<ISIN>INE075A01022</ISIN>
	<Scrip_Name>WIPRO LTD</Scrip_Name>
	<NSE_Symbol>WIPRO</NSE_Symbol>
	<MWPL_Limit>227737894</MWPL_Limit>
	<Open_Interest>37708800</Open_Interest>
	<Limit_for_Next_Day></Limit_for_Next_Day>
</MWPL>
<MWPL>
	<Date>02-MAY-2018</Date>
	<ISIN>INE180K01011</ISIN>
	<Scrip_Name>BHARAT FIN INCLUSION LTD</Scrip_Name>
	<NSE_Symbol>BHARATFIN</NSE_Symbol>
	<MWPL_Limit>27402852</MWPL_Limit>
	<Open_Interest>5074000</Open_Interest>
	<Limit_for_Next_Day></Limit_for_Next_Day>
</MWPL>
<MWPL>
	<Date>02-MAY-2018</Date>
	<ISIN>INE330H01018</ISIN>
	<Scrip_Name>RELIANCE COMMUNICATIONS L</Scrip_Name>
	<NSE_Symbol>RCOM</NSE_Symbol>
	<MWPL_Limit>254668091</MWPL_Limit>
	<Open_Interest>195356000</Open_Interest>
	<Limit_for_Next_Day></Limit_for_Next_Day>
</MWPL>
<MWPL>
	<Date>02-MAY-2018</Date>
	<ISIN>INE584A01023</ISIN>
	<Scrip_Name>NMDC LTD.</Scrip_Name>
	<NSE_Symbol>NMDC</NSE_Symbol>
	<MWPL_Limit>174463784</MWPL_Limit>
	<Open_Interest>29244000</Open_Interest>
	<Limit_for_Next_Day></Limit_for_Next_Day>
</MWPL>
<MWPL>
	<Date>02-MAY-2018</Date>
	<ISIN>INE438A01022</ISIN>
	<Scrip_Name>APOLLO TYRES LTD</Scrip_Name>
	<NSE_Symbol>APOLLOTYRE</NSE_Symbol>
	<MWPL_Limit>68274570</MWPL_Limit>
	<Open_Interest>13488000</Open_Interest>
	<Limit_for_Next_Day></Limit_for_Next_Day>
</MWPL>
<MWPL>
	<Date>02-MAY-2018</Date>
	<ISIN>INE095A01012</ISIN>
	<Scrip_Name>INDUSIND BANK LIMITED</Scrip_Name>
	<NSE_Symbol>INDUSINDBK</NSE_Symbol>
	<MWPL_Limit>89142781</MWPL_Limit>
	<Open_Interest>7240500</Open_Interest>
	<Limit_for_Next_Day></Limit_for_Next_Day>
</MWPL>
<MWPL>
	<Date>02-MAY-2018</Date>
	<ISIN>INE176A01028</ISIN>
	<Scrip_Name>BATA INDIA LTD</Scrip_Name>
	<NSE_Symbol>BATAINDIA</NSE_Symbol>
	<MWPL_Limit>12092405</MWPL_Limit>
	<Open_Interest>3380300</Open_Interest>
	<Limit_for_Next_Day></Limit_for_Next_Day>
</MWPL>
<MWPL>
	<Date>02-MAY-2018</Date>
	<ISIN>INE043D01016</ISIN>
	<Scrip_Name>IDFC LIMITED</Scrip_Name>
	<NSE_Symbol>IDFC</NSE_Symbol>
	<MWPL_Limit>319270913</MWPL_Limit>
	<Open_Interest>173118000</Open_Interest>
	<Limit_for_Next_Day></Limit_for_Next_Day>
</MWPL>
<MWPL>
	<Date>02-MAY-2018</Date>
	<ISIN>INE854D01016</ISIN>
	<Scrip_Name>UNITED SPIRITS LIMITED</Scrip_Name>
	<NSE_Symbol>MCDOWELL-N</NSE_Symbol>
	<MWPL_Limit>12068662</MWPL_Limit>
	<Open_Interest>2328500</Open_Interest>
	<Limit_for_Next_Day></Limit_for_Next_Day>
</MWPL>
<MWPL>
	<Date>02-MAY-2018</Date>
	<ISIN>INE562A01011</ISIN>
	<Scrip_Name>INDIAN BANK</Scrip_Name>
	<NSE_Symbol>INDIANB</NSE_Symbol>
	<MWPL_Limit>17411248</MWPL_Limit>
	<Open_Interest>3934000</Open_Interest>
	<Limit_for_Next_Day></Limit_for_Next_Day>
</MWPL>
<MWPL>
	<Date>02-MAY-2018</Date>
	<ISIN>INE172A01027</ISIN>
	<Scrip_Name>CASTROL INDIA LIMITED</Scrip_Name>
	<NSE_Symbol>CASTROLIND</NSE_Symbol>
	<MWPL_Limit>96933993</MWPL_Limit>
	<Open_Interest>14876400</Open_Interest>
	<Limit_for_Next_Day></Limit_for_Next_Day>
</MWPL>
<MWPL>
	<Date>02-MAY-2018</Date>
	<ISIN>INE951I01027</ISIN>
	<Scrip_Name>V-GUARD IND LTD.</Scrip_Name>
	<NSE_Symbol>VGUARD</NSE_Symbol>
	<MWPL_Limit>30382518</MWPL_Limit>
	<Open_Interest>3021000</Open_Interest>
	<Limit_for_Next_Day></Limit_for_Next_Day>
</MWPL>
<MWPL>
	<Date>02-MAY-2018</Date>
	<ISIN>INE614G01033</ISIN>
	<Scrip_Name>RELIANCE POWER LTD.</Scrip_Name>
	<NSE_Symbol>RPOWER</NSE_Symbol>
	<MWPL_Limit>140232274</MWPL_Limit>
	<Open_Interest>85566000</Open_Interest>
	<Limit_for_Next_Day></Limit_for_Next_Day>
</MWPL>
<MWPL>
	<Date>02-MAY-2018</Date>
	<ISIN>INE101D01020</ISIN>
	<Scrip_Name>GRANULES INDIA LIMITED</Scrip_Name>
	<NSE_Symbol>GRANULES</NSE_Symbol>
	<MWPL_Limit>27953352</MWPL_Limit>
	<Open_Interest>16580000</Open_Interest>
	<Limit_for_Next_Day></Limit_for_Next_Day>
</MWPL>
<MWPL>
	<Date>02-MAY-2018</Date>
	<ISIN>INE881D01027</ISIN>
	<Scrip_Name>ORACLE FIN SERV SOFT LTD.</Scrip_Name>
	<NSE_Symbol>OFSS</NSE_Symbol>
	<MWPL_Limit>4473139</MWPL_Limit>
	<Open_Interest>106950</Open_Interest>
	<Limit_for_Next_Day></Limit_for_Next_Day>
</MWPL>
<MWPL>
	<Date>02-MAY-2018</Date>
	<ISIN>INE424H01027</ISIN>
	<Scrip_Name>SUN TV NETWORK LIMITED</Scrip_Name>
	<NSE_Symbol>SUNTV</NSE_Symbol>
	<MWPL_Limit>19704232</MWPL_Limit>
	<Open_Interest>7001000</Open_Interest>
	<Limit_for_Next_Day></Limit_for_Next_Day>
</MWPL>
<MWPL>
	<Date>02-MAY-2018</Date>
	<ISIN>INE591G01017</ISIN>
	<Scrip_Name>NIIT TECHNOLOGIES LTD</Scrip_Name>
	<NSE_Symbol>NIITTECH</NSE_Symbol>
	<MWPL_Limit>8521601</MWPL_Limit>
	<Open_Interest>3234750</Open_Interest>
	<Limit_for_Next_Day></Limit_for_Next_Day>
</MWPL>
<MWPL>
	<Date>02-MAY-2018</Date>
	<ISIN>INE016A01026</ISIN>
	<Scrip_Name>DABUR INDIA LTD</Scrip_Name>
	<NSE_Symbol>DABUR</NSE_Symbol>
	<MWPL_Limit>112503966</MWPL_Limit>
	<Open_Interest>15025000</Open_Interest>
	<Limit_for_Next_Day></Limit_for_Next_Day>
</MWPL>
<MWPL>
	<Date>02-MAY-2018</Date>
	<ISIN>INE267A01025</ISIN>
	<Scrip_Name>HINDUSTAN ZINC LIMITED</Scrip_Name>
	<NSE_Symbol>HINDZINC</NSE_Symbol>
	<MWPL_Limit>296432938</MWPL_Limit>
	<Open_Interest>15120000</Open_Interest>
	<Limit_for_Next_Day></Limit_for_Next_Day>
</MWPL>
<MWPL>
	<Date>02-MAY-2018</Date>
	<ISIN>INE158A01026</ISIN>
	<Scrip_Name>HERO MOTOCORP LIMITED</Scrip_Name>
	<NSE_Symbol>HEROMOTOCO</NSE_Symbol>
	<MWPL_Limit>26109074</MWPL_Limit>
	<Open_Interest>2410800</Open_Interest>
	<Limit_for_Next_Day></Limit_for_Next_Day>
</MWPL>
<MWPL>
	<Date>02-MAY-2018</Date>
	<ISIN>INE836F01026</ISIN>
	<Scrip_Name>DISH TV INDIA LTD.</Scrip_Name>
	<NSE_Symbol>DISHTV</NSE_Symbol>
	<MWPL_Limit>252399275</MWPL_Limit>
	<Open_Interest>57197000</Open_Interest>
	<Limit_for_Next_Day></Limit_for_Next_Day>
</MWPL>
<MWPL>
	<Date>02-MAY-2018</Date>
	<ISIN>INE040A01026</ISIN>
	<Scrip_Name>HDFC BANK LTD</Scrip_Name>
	<NSE_Symbol>HDFCBANK</NSE_Symbol>
	<MWPL_Limit>315777204</MWPL_Limit>
	<Open_Interest>25050500</Open_Interest>
	<Limit_for_Next_Day></Limit_for_Next_Day>
</MWPL>
<MWPL>
	<Date>02-MAY-2018</Date>
	<ISIN>INE742F01042</ISIN>
	<Scrip_Name>ADANI PORT & SEZ LTD</Scrip_Name>
	<NSE_Symbol>ADANIPORTS</NSE_Symbol>
	<MWPL_Limit>139696137</MWPL_Limit>
	<Open_Interest>17457500</Open_Interest>
	<Limit_for_Next_Day></Limit_for_Next_Day>
</MWPL>
<MWPL>
	<Date>02-MAY-2018</Date>
	<ISIN>INE669E01016</ISIN>
	<Scrip_Name>IDEA CELLULAR LIMITED</Scrip_Name>
	<NSE_Symbol>IDEA</NSE_Symbol>
	<MWPL_Limit>500768043</MWPL_Limit>
	<Open_Interest>171024000</Open_Interest>
	<Limit_for_Next_Day></Limit_for_Next_Day>
</MWPL>
<MWPL>
	<Date>02-MAY-2018</Date>
	<ISIN>INE486A01013</ISIN>
	<Scrip_Name>CESC LTD</Scrip_Name>
	<NSE_Symbol>CESC</NSE_Symbol>
	<MWPL_Limit>13275380</MWPL_Limit>
	<Open_Interest>6292550</Open_Interest>
	<Limit_for_Next_Day></Limit_for_Next_Day>
</MWPL>
<MWPL>
	<Date>02-MAY-2018</Date>
	<ISIN>IN9155A01020</ISIN>
	<Scrip_Name>TATA MOTORS DVR 'A' ORD</Scrip_Name>
	<NSE_Symbol>TATAMTRDVR</NSE_Symbol>
	<MWPL_Limit>101602140</MWPL_Limit>
	<Open_Interest>28631500</Open_Interest>
	<Limit_for_Next_Day></Limit_for_Next_Day>
</MWPL>
<MWPL>
	<Date>02-MAY-2018</Date>
	<ISIN>INE510A01028</ISIN>
	<Scrip_Name>ENGINEERS INDIA LTD</Scrip_Name>
	<NSE_Symbol>ENGINERSIN</NSE_Symbol>
	<MWPL_Limit>60644337</MWPL_Limit>
	<Open_Interest>10794000</Open_Interest>
	<Limit_for_Next_Day></Limit_for_Next_Day>
</MWPL>
<MWPL>
	<Date>02-MAY-2018</Date>
	<ISIN>INE302A01020</ISIN>
	<Scrip_Name>EXIDE INDUSTRIES LTD</Scrip_Name>
	<NSE_Symbol>EXIDEIND</NSE_Symbol>
	<MWPL_Limit>91809066</MWPL_Limit>
	<Open_Interest>11820000</Open_Interest>
	<Limit_for_Next_Day></Limit_for_Next_Day>
</MWPL>
<MWPL>
	<Date>02-MAY-2018</Date>
	<ISIN>INE102D01028</ISIN>
	<Scrip_Name>GODREJ CONSUMER PRODUCTS</Scrip_Name>
	<NSE_Symbol>GODREJCP</NSE_Symbol>
	<MWPL_Limit>50067470</MWPL_Limit>
	<Open_Interest>2536800</Open_Interest>
	<Limit_for_Next_Day></Limit_for_Next_Day>
</MWPL>
<MWPL>
	<Date>02-MAY-2018</Date>
	<ISIN>INE483S01020</ISIN>
	<Scrip_Name>INFIBEAM INCORP. LIMITED</Scrip_Name>
	<NSE_Symbol>INFIBEAM</NSE_Symbol>
	<MWPL_Limit>59007086</MWPL_Limit>
	<Open_Interest>33672000</Open_Interest>
	<Limit_for_Next_Day></Limit_for_Next_Day>
</MWPL>
<MWPL>
	<Date>02-MAY-2018</Date>
	<ISIN>INE191H01014</ISIN>
	<Scrip_Name>PVR LIMITED</Scrip_Name>
	<NSE_Symbol>PVR</NSE_Symbol>
	<MWPL_Limit>7454656</MWPL_Limit>
	<Open_Interest>926800</Open_Interest>
	<Limit_for_Next_Day></Limit_for_Next_Day>
</MWPL>
<MWPL>
	<Date>02-MAY-2018</Date>
	<ISIN>INE752E01010</ISIN>
	<Scrip_Name>POWER GRID CORP. LTD.</Scrip_Name>
	<NSE_Symbol>POWERGRID</NSE_Symbol>
	<MWPL_Limit>450854977</MWPL_Limit>
	<Open_Interest>33896000</Open_Interest>
	<Limit_for_Next_Day></Limit_for_Next_Day>
</MWPL>
<MWPL>
	<Date>02-MAY-2018</Date>
	<ISIN>INE877F01012</ISIN>
	<Scrip_Name>PTC INDIA LIMITED</Scrip_Name>
	<NSE_Symbol>PTC</NSE_Symbol>
	<MWPL_Limit>49601664</MWPL_Limit>
	<Open_Interest>23016000</Open_Interest>
	<Limit_for_Next_Day></Limit_for_Next_Day>
</MWPL>
<MWPL>
	<Date>02-MAY-2018</Date>
	<ISIN>INE688I01017</ISIN>
	<Scrip_Name>CAPITAL FIRST LIMITED</Scrip_Name>
	<NSE_Symbol>CAPF</NSE_Symbol>
	<MWPL_Limit>12755928</MWPL_Limit>
	<Open_Interest>7656800</Open_Interest>
	<Limit_for_Next_Day></Limit_for_Next_Day>
</MWPL>
<MWPL>
	<Date>02-MAY-2018</Date>
	<ISIN>INE298A01020</ISIN>
	<Scrip_Name>CUMMINS INDIA LTD</Scrip_Name>
	<NSE_Symbol>CUMMINSIND</NSE_Symbol>
	<MWPL_Limit>27165463</MWPL_Limit>
	<Open_Interest>936600</Open_Interest>
	<Limit_for_Next_Day></Limit_for_Next_Day>
</MWPL>
<MWPL>
	<Date>02-MAY-2018</Date>
	<ISIN>INE918I01018</ISIN>
	<Scrip_Name>BAJAJ FINSERV LTD.</Scrip_Name>
	<NSE_Symbol>BAJAJFINSV</NSE_Symbol>
	<MWPL_Limit>13255977</MWPL_Limit>
	<Open_Interest>720625</Open_Interest>
	<Limit_for_Next_Day></Limit_for_Next_Day>
</MWPL>
<MWPL>
	<Date>02-MAY-2018</Date>
	<ISIN>INE008A01015</ISIN>
	<Scrip_Name>IDBI BANK LIMITED</Scrip_Name>
	<NSE_Symbol>IDBI</NSE_Symbol>
	<MWPL_Limit>107140375</MWPL_Limit>
	<Open_Interest>64310000</Open_Interest>
	<Limit_for_Next_Day></Limit_for_Next_Day>
</MWPL>
<MWPL>
	<Date>02-MAY-2018</Date>
	<ISIN>INE612J01015</ISIN>
	<Scrip_Name>REPCO HOME FINANCE LTD</Scrip_Name>
	<NSE_Symbol>REPCOHOME</NSE_Symbol>
	<MWPL_Limit>7866151</MWPL_Limit>
	<Open_Interest>1129500</Open_Interest>
	<Limit_for_Next_Day></Limit_for_Next_Day>
</MWPL>
<MWPL>
	<Date>02-MAY-2018</Date>
	<ISIN>INE040H01021</ISIN>
	<Scrip_Name>SUZLON ENERGY LIMITED</Scrip_Name>
	<NSE_Symbol>SUZLON</NSE_Symbol>
	<MWPL_Limit>851588480</MWPL_Limit>
	<Open_Interest>364025000</Open_Interest>
	<Limit_for_Next_Day></Limit_for_Next_Day>
</MWPL>
<MWPL>
	<Date>02-MAY-2018</Date>
	<ISIN>INE178A01016</ISIN>
	<Scrip_Name>CHENNAI PETROLEUM CORP LT</Scrip_Name>
	<NSE_Symbol>CHENNPETRO</NSE_Symbol>
	<MWPL_Limit>9742660</MWPL_Limit>
	<Open_Interest>3601500</Open_Interest>
	<Limit_for_Next_Day></Limit_for_Next_Day>
</MWPL>
<MWPL>
	<Date>02-MAY-2018</Date>
	<ISIN>INE067A01029</ISIN>
	<Scrip_Name>CG POWER AND IND SOL LTD</Scrip_Name>
	<NSE_Symbol>CGPOWER</NSE_Symbol>
	<MWPL_Limit>82094513</MWPL_Limit>
	<Open_Interest>22776000</Open_Interest>
	<Limit_for_Next_Day></Limit_for_Next_Day>
</MWPL>
<MWPL>
	<Date>02-MAY-2018</Date>
	<ISIN>INE883A01011</ISIN>
	<Scrip_Name>MRF LTD</Scrip_Name>
	<NSE_Symbol>MRF</NSE_Symbol>
	<MWPL_Limit>614661</MWPL_Limit>
	<Open_Interest>37170</Open_Interest>
	<Limit_for_Next_Day></Limit_for_Next_Day>
</MWPL>
<MWPL>
	<Date>02-MAY-2018</Date>
	<ISIN>INE323A01026</ISIN>
	<Scrip_Name>BOSCH LIMITED</Scrip_Name>
	<NSE_Symbol>BOSCHLTD</NSE_Symbol>
	<MWPL_Limit>1801607</MWPL_Limit>
	<Open_Interest>157600</Open_Interest>
	<Limit_for_Next_Day></Limit_for_Next_Day>
</MWPL>
</MWPL_Viols>
