Date, ISIN, Scrip Name, NSE Symbol, MWPL, NSE Open Interest
11-MAY-2018,INE026A01025,GUJ STATE FERT & CHEM LTD,GSFC,49535525,21330000
11-MAY-2018,INE151A01013,TATA COMMUNICATIONS LTD,TATACOMM,14253357,7138400
11-MAY-2018,INE326A01037,LUPIN LIMITED,LUPIN,47910624,18195300
11-MAY-2018,INE692A01016,UNION BANK OF INDIA,UNIONBANK,76131760,45672000
11-MAY-2018,INE217B01036,KAJARIA CERAMICS LTD,KAJARIACER,16664813,2292000
11-MAY-2018,INE208A01029,ASHOK LEYLAND LTD,ASHOKLEY,285288768,91644000
11-MAY-2018,INE115A01026,LIC HOUSING FINANCE LTD,LICHSGFIN,60244101,18667000
11-MAY-2018,INE361B01024,DIVI'S LABORATORIES LTD,DIVISLAB,25457469,2829600
11-MAY-2018,INE012A01025,ACC LIMITED,ACC,17078428,2485200
11-MAY-2018,INE406A01037,AUROBINDO PHARMA LTD,AUROPHARMA,56396335,24303400
11-MAY-2018,INE018A01030,LARSEN & TOUBRO LTD.,LT,274345282,16399500
11-MAY-2018,INE036A01016,RELIANCE INFRASTRUCTU LTD,RELINFRA,25819497,14019200
11-MAY-2018,INE213A01029,OIL AND NATURAL GAS CORP.,ONGC,828640584,45345000
11-MAY-2018,INE868B01028,NCC LIMITED,NCC,98373621,45104000
11-MAY-2018,INE216A01022,BRITANNIA INDUSTRIES LTD,BRITANNIA,11837250,920200
11-MAY-2018,INE318A01026,PIDILITE INDUSTRIES LTD,PIDILITIND,30693818,1799000
11-MAY-2018,INE935A01035,GLENMARK PHARMACEUTICALS,GLENMARK,30171874,6633100
11-MAY-2018,INE522D01027,MANAPPURAM FINANCE LTD,MANAPPURAM,110136994,22584000
11-MAY-2018,INE503A01015,DCB BANK LIMITED,DCBBANK,52376929,10966500
11-MAY-2018,INE733E01010,NTPC LTD,NTPC,622127827,44320000
11-MAY-2018,INE049B01025,WOCKHARDT LIMITED,WOCKPHARMA,5729014,5636700
11-MAY-2018,INE260B01028,GODFREY PHILLIPS INDIA LT,GODFRYPHLP,2891826,660900
11-MAY-2018,INE814H01011,ADANI POWER LTD,ADANIPOWER,207730274,119400000
11-MAY-2018,INE280A01028,TITAN COMPANY LIMITED,TITAN,83616848,19284750
11-MAY-2018,INE242A01010,INDIAN OIL CORP LTD,IOC,835674696,50250000
11-MAY-2018,INE749A01030,JINDAL STEEL & POWER LTD,JINDALSTEL,80032468,46224000
11-MAY-2018,INE094A01015,HINDUSTAN PETROLEUM CORP,HINDPETRO,304764525,40342050
11-MAY-2018,INE171A01029,FEDERAL BANK LTD,FEDERALBNK,387843769,154528000
11-MAY-2018,INE296A01024,BAJAJ FINANCE LIMITED,BAJFINANCE,51291220,6522000
11-MAY-2018,INE140A01024,PIRAMAL ENTERPRISES LTD,PEL,17210032,2226948
11-MAY-2018,INE092A01019,TATA CHEMICALS LTD,TATACHEM,35256784,6027000
11-MAY-2018,INE192A01025,TATA GLOBAL BEVERAGES LTD,TATAGLOBAL,78977321,31401000
11-MAY-2018,INE084A01016,BANK OF INDIA,BANKINDIA,55436059,34992000
11-MAY-2018,INE066A01013,EICHER MOTORS LTD,EICHERMOT,2698673,239300
11-MAY-2018,INE034A01011,ARVIND LIMITED,ARVIND,29523385,10900000
11-MAY-2018,INE886H01027,TV18 BROADCAST LIMITED,TV18BRDCST,129899100,93585000
11-MAY-2018,INE647A01010,SRF LTD,SRF,5468800,913000
11-MAY-2018,INE721A01013,SHRIRAM TRANSPORT FIN CO.,SRTRANSFIN,33541942,4561200
11-MAY-2018,INE093A01033,HEXAWARE TECHNOLOGIES LTD,HEXAWARE,17076421,11151000
11-MAY-2018,INE301A01014,RAYMOND LTD,RAYMOND,6835595,5709600
11-MAY-2018,INE129A01019,GAIL (INDIA) LTD,GAIL,206247852,15927324
11-MAY-2018,INE148I01020,INDIABULLS HSG FIN LTD,IBULHSGFIN,64748787,15723300
11-MAY-2018,INE020B01018,RURAL ELEC CORP. LTD.,RECLTD,164647843,53256000
11-MAY-2018,INE271C01023,DLF LIMITED,DLF,89392781,58500000
11-MAY-2018,INE686F01025,UNITED BREWERIES LTD,UBL,14094534,1416100
11-MAY-2018,INE030A01027,HINDUSTAN UNILEVER LTD.,HINDUNILVR,142023183,10704000
11-MAY-2018,INE542F01012,RELIANCE NAVAL & ENGG LTD,RNAVAL,103220648,68625000
11-MAY-2018,INE776C01039,GMR INFRASTRUCTURE LTD.,GMRINFRA,459279245,349695000
11-MAY-2018,INE139A01034,NATIONAL ALUMINIUM CO LTD,NATIONALUM,153842355,63168000
11-MAY-2018,INE775A01035,MOTHERSON SUMI SYSTEMS LT,MOTHERSUMI,161153025,14785600
11-MAY-2018,INE010B01027,CADILA HEALTHCARE LIMITED,CADILAHC,51610474,9755200
11-MAY-2018,INE003A01024,SIEMENS LTD,SIEMENS,17806068,1975500
11-MAY-2018,INE787D01026,BALKRISHNA IND. LTD,BALKRISIND,16124234,1235200
11-MAY-2018,INE119A01028,BALRAMPUR CHINI MILLS LTD,BALRAMCHIN,26960750,21679000
11-MAY-2018,INE237A01028,KOTAK MAHINDRA BANK LTD,KOTAKBANK,266636508,20070400
11-MAY-2018,INE205A01025,VEDANTA LIMITED,VEDL,368868796,59764250
11-MAY-2018,INE885A01032,AMARA RAJA BATTERIES LTD.,AMARAJABAT,16377009,2071300
11-MAY-2018,INE203G01027,INDRAPRASTHA GAS LTD,IGL,77000080,10782750
11-MAY-2018,INE423A01024,ADANI ENTERPRISES LIMITED,ADANIENT,55169320,23780000
11-MAY-2018,INE376G01013,BIOCON LIMITED.,BIOCON,45397423,8984700
11-MAY-2018,INE001A01036,HDFC LTD,HDFC,322310002,21531500
11-MAY-2018,INE238A01034,AXIS BANK LIMITED,AXISBANK,321528428,74317200
11-MAY-2018,INE726G01019,ICICI PRU LIFE INS CO LTD,ICICIPRULI,55379444,8399300
11-MAY-2018,INE154A01025,ITC LTD,ITC,2435920598,108897600
11-MAY-2018,INE434A01013,ANDHRA BANK,ANDHRABANK,52770642,31746000
11-MAY-2018,INE079A01024,AMBUJA CEMENTS LTD,AMBUJACEM,143765477,21010000
11-MAY-2018,INE257A01026,BHEL,BHEL,271244400,62490000
11-MAY-2018,INE134E01011,POWER FIN CORP LTD.,PFC,179973060,109326000
11-MAY-2018,INE917I01010,BAJAJ AUTO LIMITED,BAJAJ-AUTO,29341807,2456500
11-MAY-2018,INE599M01018,JUSTDIAL LTD.,JUSTDIAL,8896412,7936600
11-MAY-2018,INE175A01038,JAIN IRRIGATION SYSTEMS,JISLJALEQS,63776328,46881000
11-MAY-2018,INE031B01049,AJANTA PHARMA LIMITED,AJANTPHARM,5155048,1540500
11-MAY-2018,INE465A01025,BHARAT FORGE LTD,BHARATFORG,50517678,9805200
11-MAY-2018,INE141A01014,ORIENTAL BANK OF COMMERCE,ORIENTBANK,28817691,22464000
11-MAY-2018,INE872A01014,SREI INFRASTRUCTURE FINAN,SREINFRA,39443554,21777000
11-MAY-2018,INE383A01012,THE INDIA CEMENTS LIMITED,INDIACEM,43899473,32452000
11-MAY-2018,INE274J01014,OIL INDIA LTD,OIL,76871115,3266439
11-MAY-2018,INE202B01012,DEWAN HOUSING FIN CORP LT,DHFL,38121826,35334000
11-MAY-2018,INE549A01026,HINDUSTAN CONSTRUCTION CO,HCC,145937711,76827000
11-MAY-2018,INE683A01023,THE SOUTH INDIAN BANK LTD,SOUTHBANK,361743466,188969982
11-MAY-2018,INE121A01016,CHOLAMANDALAM IN & FIN CO,CHOLAFIN,14674970,1098500
11-MAY-2018,INE233A01035,GODREJ INDUSTRIES LTD,GODREJIND,16987252,2862000
11-MAY-2018,INE670A01012,TATA ELXSI LIMITED,TATAELXSI,6904235,2951200
11-MAY-2018,INE176B01034,HAVELLS INDIA LIMITED,HAVELLS,50452729,8757000
11-MAY-2018,INE437A01024,APOLLO HOSPITALS ENTER. L,APOLLOHOSP,18256536,937000
11-MAY-2018,INE155A01022,TATA MOTORS LIMITED,TATAMOTORS,367417782,106209000
11-MAY-2018,INE334L01012,UJJIVAN FIN. SERVC. LTD.,UJJIVAN,24172356,9832000
11-MAY-2018,INE397D01024,BHARTI AIRTEL LIMITED,BHARTIARTL,262379901,65286800
11-MAY-2018,INE785M01013,PC JEWELLER LTD,PCJEWELLER,31356980,24081000
11-MAY-2018,INE089A01023,DR. REDDY'S LABORATORIES,DRREDDY,24302415,5712500
11-MAY-2018,INE226A01021,VOLTAS LTD,VOLTAS,46126252,5347000
11-MAY-2018,INE018I01017,MINDTREE LIMITED,MINDTREE,28376145,6278400
11-MAY-2018,INE585B01010,MARUTI SUZUKI INDIA LTD.,MARUTI,26458324,5179725
11-MAY-2018,INE111A01017,CONTAINER CORP OF IND LTD,CONCOR,22032749,1918750
11-MAY-2018,INE476A01014,CANARA BANK,CANBK,40260000,19690400
11-MAY-2018,INE498L01015,L&T FINANCE HOLDINGS LTD,L&TFH,130867153,44910000
11-MAY-2018,INE028A01039,BANK OF BARODA,BANKBARODA,190333797,61620000
11-MAY-2018,INE939A01011,STRIDES SHASUN LIMITED,STAR,12286330,3064800
11-MAY-2018,INE062A01020,STATE BANK OF INDIA,SBIN,723869981,127782000
11-MAY-2018,INE092T01019,IDFC BANK LIMITED,IDFCBANK,321318880,238994000
11-MAY-2018,INE029A01011,BHARAT PETROLEUM CORP  LT,BPCL,198231545,20181600
11-MAY-2018,INE019A01038,JSW STEEL LIMITED,JSWSTEEL,279415160,72864000
11-MAY-2018,INE774D01024,M&M FIN. SERVICES LTD,M&MFIN,59653861,9933750
11-MAY-2018,INE463A01038,BERGER PAINTS (I) LTD,BERGEPAINT,48577345,2043800
11-MAY-2018,INE039A01010,IFCI LTD,IFCI,147807447,98927000
11-MAY-2018,INE481G01011,ULTRATECH CEMENT LIMITED,ULTRACEMCO,20882043,1969600
11-MAY-2018,INE103A01014,MRPL,MRPL,40018232,6300000
11-MAY-2018,INE059A01026,CIPLA LTD,CIPLA,99727414,11497000
11-MAY-2018,INE180A01020,MAX FINANCIAL SERV LTD,MFSL,37416257,2994000
11-MAY-2018,INE802G01018,JET AIRWAYS (INDIA) LTD.,JETAIRWAYS,11132543,10870800
11-MAY-2018,INE347G01014,PETRONET LNG LIMITED,PETRONET,150000017,27387000
11-MAY-2018,INE331A01037,THE RAMCO CEMENTS LIMITED,RAMCOCEM,26974244,1361600
11-MAY-2018,INE848E01016,NHPC LTD,NHPC,534367887,45981000
11-MAY-2018,INE988K01017,EQUITAS HOLDINGS LIMITED,EQUITAS,68085995,23203200
11-MAY-2018,INE745G01035,MULTI COMMODITY EXCHANGE,MCX,10173586,3923700
11-MAY-2018,INE761H01022,PAGE INDUSTRIES LTD,PAGEIND,1137517,53325
11-MAY-2018,INE455I01029,KAVERI SEED CO. LTD.,KSCL,5976433,2673000
11-MAY-2018,INE002A01018,RELIANCE INDUSTRIES LTD,RELIANCE,648225774,67402000
11-MAY-2018,INE090A01021,ICICI BANK LTD.,ICICIBANK,974854856,157770250
11-MAY-2018,INE038A01020,HINDALCO  INDUSTRIES  LTD,HINDALCO,293324681,64788500
11-MAY-2018,INE860A01027,HCL TECHNOLOGIES LTD,HCLTECH,110873154,19829600
11-MAY-2018,INE797F01012,JUBILANT FOODWORKS LTD,JUBLFOOD,7220449,5106000
11-MAY-2018,INE114A01011,STEEL AUTHORITY OF INDIA,SAIL,206528041,141384000
11-MAY-2018,INE467B01029,TATA CONSULTANCY SERV LT,TCS,107522754,10052750
11-MAY-2018,INE482A01020,CEAT LIMITED,CEATLTD,3983269,2884350
11-MAY-2018,INE044A01036,SUN PHARMACEUTICAL IND L,SUNPHARMA,218893559,72406400
11-MAY-2018,INE101A01026,MAHINDRA & MAHINDRA LTD,M&M,171882735,16015000
11-MAY-2018,INE258A01016,BEML LIMITED,BEML,3828900,2880000
11-MAY-2018,INE836A01035,KPIT TECHNOLOGIES LTD,KPIT,30424585,11781000
11-MAY-2018,INE055A01016,CENTURY TEXTILES LTD,CENTURYTEX,11123542,8594300
11-MAY-2018,INE628A01036,UPL LIMITED,UPL,73595637,14679600
11-MAY-2018,INE263A01024,BHARAT ELECTRONICS LTD,BEL,161843603,42362100
11-MAY-2018,INE002S01010,MAHANAGAR GAS LTD.,MGL,6914463,3234000
11-MAY-2018,INE070A01015,SHREE CEMENT LIMITED,SHREECEM,2453485,79800
11-MAY-2018,INE121J01017,BHARTI INFRATEL LTD.,INFRATEL,171813031,9261600
11-MAY-2018,INE414G01012,MUTHOOT FINANCE LIMITED,MUTHOOTFIN,21115473,1902000
11-MAY-2018,INE095N01031,NBCC (INDIA) LIMITED,NBCC,91788934,21840000
11-MAY-2018,INE685A01028,TORRENT PHARMACEUTICALS L,TORNTPHARM,9731600,473500
11-MAY-2018,INE160A01022,PUNJAB NATIONAL BANK,PNB,208425616,96290500
11-MAY-2018,INE256A01028,ZEE ENTERTAINMENT ENT LTD,ZEEL,112138681,11042200
11-MAY-2018,INE042A01014,ESCORTS INDIA LTD,ESCORTS,14692848,5709000
11-MAY-2018,INE494B01023,TVS MOTOR COMPANY  LTD,TVSMOTOR,40480865,5460000
11-MAY-2018,INE669C01036,TECH MAHINDRA LIMITED,TECHM,125324752,17688000
11-MAY-2018,INE428A01015,ALLAHABAD BANK,ALBK,50696289,22161000
11-MAY-2018,INE477A01020,CAN FIN HOMES LTD,CANFINHOME,18644752,7906250
11-MAY-2018,INE047A01021,GRASIM INDUSTRIES LTD,GRASIM,78753115,6970500
11-MAY-2018,INE239A01016,NESTLE INDIA LIMITED,NESTLEIND,7180127,350400
11-MAY-2018,INE455F01025,JAIPRAKASH ASSOCIATES LTD,JPASSOCIAT,296396127,274040000
11-MAY-2018,INE667A01018,SYNDICATE BANK,SYNDIBANK,76346533,38187000
11-MAY-2018,INE614B01018,KARNATAKA BANK LIMITED,KTKBANK,56521537,31304600
11-MAY-2018,INE439L01019,DALMIA BHARAT LIMITED,DALMIABHA,6976232,680400
11-MAY-2018,INE976G01028,RBL BANK LIMITED,RBLBANK,77409238,6156200
11-MAY-2018,INE196A01026,MARICO LIMITED,MARICO,103640537,7337200
11-MAY-2018,INE813H01021,TORRENT POWER LTD,TORNTPOWER,44634693,4725000
11-MAY-2018,INE821I01014,IRB INFRA DEV LTD.,IRB,29963877,24772500
11-MAY-2018,INE438A01022,APOLLO TYRES LTD,APOLLOTYRE,68274570,16845000
11-MAY-2018,INE013A01015,RELIANCE CAPITAL LTD,RELCAPITAL,23712733,17443500
11-MAY-2018,INE562A01011,INDIAN BANK,INDIANB,17411248,7430000
11-MAY-2018,INE081A01012,TATA STEEL LIMITED,TATASTEEL,160852973,30165291
11-MAY-2018,INE021A01026,ASIAN PAINTS LIMITED,ASIANPAINT,90562661,8592600
11-MAY-2018,INE528G01027,YES BANK LIMITED,YESBANK,368450999,85309000
11-MAY-2018,INE584A01023,NMDC LTD.,NMDC,174463784,35178000
11-MAY-2018,INE854D01016,UNITED SPIRITS LIMITED,MCDOWELL-N,12068662,2790000
11-MAY-2018,INE009A01021,INFOSYS LIMITED,INFY,378321882,48306000
11-MAY-2018,INE330H01018,RELIANCE COMMUNICATIONS L,RCOM,254668091,229796000
11-MAY-2018,INE614G01033,RELIANCE POWER LTD.,RPOWER,140232274,80925000
11-MAY-2018,INE043D01016,IDFC LIMITED,IDFC,319270913,182793600
11-MAY-2018,INE245A01021,TATA POWER CO LTD,TATAPOWER,362314608,63153000
11-MAY-2018,INE176A01028,BATA INDIA LTD,BATAINDIA,12092405,3536500
11-MAY-2018,INE095A01012,INDUSIND BANK LIMITED,INDUSINDBK,89142781,8586300
11-MAY-2018,INE075A01022,WIPRO LTD,WIPRO,227737894,37053600
11-MAY-2018,INE951I01027,V-GUARD IND LTD.,VGUARD,30382518,3132000
11-MAY-2018,INE646L01027,INTERGLOBE AVIATION LTD,INDIGO,19270843,5734200
11-MAY-2018,INE172A01027,CASTROL INDIA LIMITED,CASTROLIND,96933993,15730400
11-MAY-2018,INE522F01014,COAL INDIA LTD,COALINDIA,266347492,21315800
11-MAY-2018,INE180K01011,BHARAT FIN INCLUSION LTD,BHARATFIN,27402852,5480500
11-MAY-2018,INE101D01020,GRANULES INDIA LIMITED,GRANULES,27953352,18510000
11-MAY-2018,INE881D01027,ORACLE FIN SERV SOFT LTD.,OFSS,4473139,126000
11-MAY-2018,INE259A01022,COLGATE PALMOLIVE LTD.,COLPAL,26654592,1694000
11-MAY-2018,INE302A01020,EXIDE INDUSTRIES LTD,EXIDEIND,91809066,14676000
11-MAY-2018,INE424H01027,SUN TV NETWORK LIMITED,SUNTV,19704232,7505000
11-MAY-2018,IN9155A01020,TATA MOTORS DVR 'A' ORD,TATAMTRDVR,101602140,26114300
11-MAY-2018,INE591G01017,NIIT TECHNOLOGIES LTD,NIITTECH,8521601,5659500
11-MAY-2018,INE669E01016,IDEA CELLULAR LIMITED,IDEA,500768043,238252000
11-MAY-2018,INE040A01026,HDFC BANK LTD,HDFCBANK,315777204,30105000
11-MAY-2018,INE158A01026,HERO MOTOCORP LIMITED,HEROMOTOCO,26109074,2203200
11-MAY-2018,INE178A01016,CHENNAI PETROLEUM CORP LT,CHENNPETRO,9742660,4599000
11-MAY-2018,INE191H01014,PVR LIMITED,PVR,7454656,1158000
11-MAY-2018,INE008A01015,IDBI BANK LIMITED,IDBI,107140375,83790000
11-MAY-2018,INE067A01029,CG POWER AND IND SOL LTD,CGPOWER,82094513,22752000
11-MAY-2018,INE016A01026,DABUR INDIA LTD,DABUR,112503966,16042500
11-MAY-2018,INE486A01013,CESC LTD,CESC,13275380,6414100
11-MAY-2018,INE877F01012,PTC INDIA LIMITED,PTC,49601664,33648000
11-MAY-2018,INE510A01028,ENGINEERS INDIA LTD,ENGINERSIN,60644337,10612000
11-MAY-2018,INE883A01011,MRF LTD,MRF,614661,35595
11-MAY-2018,INE298A01020,CUMMINS INDIA LTD,CUMMINSIND,27165463,874200
11-MAY-2018,INE267A01025,HINDUSTAN ZINC LIMITED,HINDZINC,296432938,18198400
11-MAY-2018,INE836F01026,DISH TV INDIA LTD.,DISHTV,252399275,64239000
11-MAY-2018,INE918I01018,BAJAJ FINSERV LTD.,BAJAJFINSV,13255977,735500
11-MAY-2018,INE752E01010,POWER GRID CORP. LTD.,POWERGRID,450854977,33492000
11-MAY-2018,INE688I01017,CAPITAL FIRST LIMITED,CAPF,12755928,8379200
11-MAY-2018,INE742F01042,ADANI PORT & SEZ LTD,ADANIPORTS,139696137,19865000
11-MAY-2018,INE612J01015,REPCO HOME FINANCE LTD,REPCOHOME,7866151,901800
11-MAY-2018,INE040H01021,SUZLON ENERGY LIMITED,SUZLON,851588480,384565000
11-MAY-2018,INE483S01020,INFIBEAM INCORP. LIMITED,INFIBEAM,59007086,34808000
11-MAY-2018,INE102D01028,GODREJ CONSUMER PRODUCTS,GODREJCP,50067470,3099200
11-MAY-2018,INE323A01026,BOSCH LIMITED,BOSCHLTD,1801607,161175
